occupantType,id,researchGroup,bridge,discipline,collaborationType,floor,,,
Faculty,1,1,Core,Core,solitary / focused,,,,
Faculty,35,1,Bridge,Architecture and Planning,,,,,
Graduate Student,357,1,Bridge,Architecture and Planning,,,,,
Graduate Student,496,1,Bridge,Engineering,,,,,
Graduate Student,540,1,Bridge,Engineering,,,,,
Graduate Student,764,1,Bridge,Management,,,,,
Graduate Student,796,1,Bridge,Science,,,,,
Graduate Student,907,1,Core,Core,,,,,
Graduate Student,969,1,Core,Core,,,,,
Post-doc,236,1,Bridge,Engineering,,,,,
Post-doc,279,1,Bridge,Management,,,,,
Post-doc,298,1,Bridge,Science,,,,,
Post-doc,335,1,Core,Core,,,,,
Research Staff,139,1,Bridge,Management,,,,,
Faculty,2,2,Core,Core,group meeting,,,,
Faculty,3,2,Core,Core,huddle,,,,
Faculty,62,2,Bridge,Science,,,,,
Graduate Student,477,2,Bridge,Engineering,,,,,
Graduate Student,776,2,Bridge,Science,,,,,
Graduate Student,778,2,Bridge,Science,,,,,
Graduate Student,828,2,Bridge,Science,,,,,
Graduate Student,864,2,Bridge,Science,,,,,
Graduate Student,945,2,Core,Core,,,,,
Post-doc,258,2,Bridge,"Humanities, Arts, and Social Sciences",,,,,
Post-doc,266,2,Bridge,"Humanities, Arts, and Social Sciences",,,,,
Post-doc,273,2,Bridge,Management,,,,,
Post-doc,294,2,Bridge,Management,,,,,
Research Staff,176,2,Bridge,Science,,,,,
Research Staff,177,2,Bridge,Science,,,,,
Faculty,55,3,Bridge,Management,,,,,
Faculty,61,3,Bridge,Science,,,,,
Graduate Student,340,3,Bridge,Architecture and Planning,,,,,
Graduate Student,384,3,Bridge,Architecture and Planning,,,,,
Graduate Student,409,3,Bridge,Architecture and Planning,,,,,
Graduate Student,432,3,Bridge,Architecture and Planning,,,,,
Graduate Student,454,3,Bridge,Engineering,,,,,
Graduate Student,503,3,Bridge,Engineering,,,,,
Graduate Student,507,3,Bridge,Engineering,,,,,
Graduate Student,641,3,Bridge,"Humanities, Arts, and Social Sciences",,,,,
Graduate Student,643,3,Bridge,"Humanities, Arts, and Social Sciences",,,,,
Graduate Student,683,3,Bridge,Management,,,,,
Graduate Student,811,3,Bridge,Science,,,,,
Graduate Student,823,3,Bridge,Science,,,,,
Graduate Student,850,3,Bridge,Science,,,,,
Graduate Student,861,3,Bridge,Science,,,,,
Graduate Student,914,3,Core,Core,,,,,
Post-doc,221,3,Bridge,Architecture and Planning,,,,,
Faculty,4,4,Core,Core,,,,,
Graduate Student,390,4,Bridge,Architecture and Planning,,,,,
Graduate Student,479,4,Bridge,Engineering,,,,,
Graduate Student,520,4,Bridge,Engineering,,,,,
Graduate Student,675,4,Bridge,Management,,,,,
Graduate Student,680,4,Bridge,Management,,,,,
Graduate Student,816,4,Bridge,Science,,,,,
Graduate Student,912,4,Core,Core,,,,,
Research Staff,73,4,Bridge,Architecture and Planning,,,,,
Research Staff,100,4,Bridge,Engineering,,,,,
Faculty,5,5,Core,Core,,,,,
Graduate Student,377,5,Bridge,Architecture and Planning,,,,,
Graduate Student,504,5,Bridge,Engineering,,,,,
Graduate Student,670,5,Bridge,Management,,,,,
Graduate Student,712,5,Bridge,Management,,,,,
Graduate Student,740,5,Bridge,Management,,,,,
Graduate Student,886,5,Core,Core,,,,,
Graduate Student,921,5,Core,Core,,,,,
Graduate Student,923,5,Core,Core,,,,,
Graduate Student,931,5,Core,Core,,,,,
Post-doc,267,5,Bridge,"Humanities, Arts, and Social Sciences",,,,,
Research Staff,74,5,Bridge,Architecture and Planning,,,,,
Research Staff,145,5,Bridge,Management,,,,,
Research Staff,174,5,Bridge,Science,,,,,
Faculty,6,6,Core,Core,,,,,
Graduate Student,474,6,Bridge,Engineering,,,,,
Graduate Student,524,6,Bridge,Engineering,,,,,
Graduate Student,742,6,Bridge,Management,,,,,
Graduate Student,784,6,Bridge,Science,,,,,
Graduate Student,895,6,Core,Core,,,,,
Graduate Student,978,6,Core,Core,,,,,
Post-doc,307,6,Bridge,Science,,,,,
Post-doc,312,6,Bridge,Science,,,,,
Research Staff,101,6,Bridge,Engineering,,,,,
Faculty,7,7,Core,Core,,,,,
Graduate Student,461,7,Bridge,Engineering,,,,,
Graduate Student,599,7,Bridge,"Humanities, Arts, and Social Sciences",,,,,
Graduate Student,667,7,Bridge,Management,,,,,
Graduate Student,744,7,Bridge,Management,,,,,
Graduate Student,745,7,Bridge,Management,,,,,
Graduate Student,747,7,Bridge,Management,,,,,
Graduate Student,758,7,Bridge,Management,,,,,
Graduate Student,846,7,Bridge,Science,,,,,
Graduate Student,873,7,Bridge,Science,,,,,
Graduate Student,877,7,Bridge,Science,,,,,
Post-doc,225,7,Bridge,Architecture and Planning,,,,,
Post-doc,226,7,Bridge,Engineering,,,,,
Post-doc,291,7,Bridge,Management,,,,,
Research Staff,86,7,Bridge,Architecture and Planning,,,,,
Research Staff,114,7,Bridge,Engineering,,,,,
Research Staff,115,7,Bridge,"Humanities, Arts, and Social Sciences",,,,,
Faculty,8,8,Core,Core,,,,,
Faculty,41,8,Bridge,Engineering,,,,,
Graduate Student,350,8,Bridge,Architecture and Planning,,,,,
Graduate Student,364,8,Bridge,Architecture and Planning,,,,,
Graduate Student,576,8,Bridge,"Humanities, Arts, and Social Sciences",,,,,
Graduate Student,598,8,Bridge,"Humanities, Arts, and Social Sciences",,,,,
Graduate Student,653,8,Bridge,"Humanities, Arts, and Social Sciences",,,,,
Graduate Student,699,8,Bridge,Management,,,,,
Graduate Student,761,8,Bridge,Management,,,,,
Graduate Student,932,8,Core,Core,,,,,
Graduate Student,984,8,Core,Core,,,,,
Post-doc,209,8,Bridge,Architecture and Planning,,,,,
Post-doc,217,8,Bridge,Architecture and Planning,,,,,
Post-doc,314,8,Bridge,Science,,,,,
Research Staff,80,8,Bridge,Architecture and Planning,,,,,
Research Staff,183,8,Bridge,Science,,,,,
Research Staff,190,8,Core,Core,,,,,
Faculty,9,9,Core,Core,,,,,
Faculty,10,9,Core,Core,,,,,
Faculty,11,9,Core,Core,,,,,
Graduate Student,366,9,Bridge,Architecture and Planning,,,,,
Graduate Student,408,9,Bridge,Architecture and Planning,,,,,
Graduate Student,542,9,Bridge,Engineering,,,,,
Graduate Student,610,9,Bridge,"Humanities, Arts, and Social Sciences",,,,,
Graduate Student,622,9,Bridge,"Humanities, Arts, and Social Sciences",,,,,
Graduate Student,625,9,Bridge,"Humanities, Arts, and Social Sciences",,,,,
Graduate Student,634,9,Bridge,"Humanities, Arts, and Social Sciences",,,,,
Graduate Student,652,9,Bridge,"Humanities, Arts, and Social Sciences",,,,,
Graduate Student,718,9,Bridge,Management,,,,,
Graduate Student,926,9,Core,Core,,,,,
Graduate Student,971,9,Core,Core,,,,,
Post-doc,253,9,Bridge,"Humanities, Arts, and Social Sciences",,,,,
Post-doc,334,9,Core,Core,,,,,
Research Staff,76,9,Bridge,Architecture and Planning,,,,,
Research Staff,164,9,Bridge,Science,,,,,
Faculty,42,10,Bridge,Engineering,,,,,
Faculty,49,10,Bridge,"Humanities, Arts, and Social Sciences",,,,,
Graduate Student,344,10,Bridge,Architecture and Planning,,,,,
Graduate Student,437,10,Bridge,Architecture and Planning,,,,,
Graduate Student,470,10,Bridge,Engineering,,,,,
Graduate Student,567,10,Bridge,"Humanities, Arts, and Social Sciences",,,,,
Graduate Student,644,10,Bridge,"Humanities, Arts, and Social Sciences",,,,,
Graduate Student,798,10,Bridge,Science,,,,,
Graduate Student,812,10,Bridge,Science,,,,,
Graduate Student,818,10,Bridge,Science,,,,,
Graduate Student,876,10,Bridge,Science,,,,,
Graduate Student,949,10,Core,Core,,,,,
Graduate Student,952,10,Core,Core,,,,,
Graduate Student,991,10,Core,Core,,,,,
Post-doc,208,10,Bridge,Architecture and Planning,,,,,
Post-doc,216,10,Bridge,Architecture and Planning,,,,,
Post-doc,332,10,Core,Core,,,,,
Research Staff,150,10,Bridge,Management,,,,,
Graduate Student,407,11,Bridge,Architecture and Planning,,,,,
Graduate Student,458,11,Bridge,Engineering,,,,,
Graduate Student,473,11,Bridge,Engineering,,,,,
Graduate Student,635,11,Bridge,"Humanities, Arts, and Social Sciences",,,,,
Graduate Student,651,11,Bridge,"Humanities, Arts, and Social Sciences",,,,,
Graduate Student,734,11,Bridge,Management,,,,,
Graduate Student,757,11,Bridge,Management,,,,,
Graduate Student,894,11,Core,Core,,,,,
Post-doc,207,11,Bridge,Architecture and Planning,,,,,
Post-doc,300,11,Bridge,Science,,,,,
Post-doc,301,11,Bridge,Science,,,,,
Research Staff,106,11,Bridge,Engineering,,,,,
Faculty,12,12,Core,Core,,,,,
Graduate Student,435,12,Bridge,Architecture and Planning,,,,,
Graduate Student,523,12,Bridge,Engineering,,,,,
Graduate Student,585,12,Bridge,"Humanities, Arts, and Social Sciences",,,,,
Graduate Student,618,12,Bridge,"Humanities, Arts, and Social Sciences",,,,,
Graduate Student,631,12,Bridge,"Humanities, Arts, and Social Sciences",,,,,
Graduate Student,705,12,Bridge,Management,,,,,
Graduate Student,790,12,Bridge,Science,,,,,
Graduate Student,792,12,Bridge,Science,,,,,
Graduate Student,887,12,Core,Core,,,,,
Post-doc,219,12,Bridge,Architecture and Planning,,,,,
Post-doc,328,12,Core,Core,,,,,
Research Staff,129,12,Bridge,"Humanities, Arts, and Social Sciences",,,,,
Faculty,13,13,Core,Core,,,,,
Graduate Student,419,13,Bridge,Architecture and Planning,,,,,
Graduate Student,445,13,Bridge,Architecture and Planning,,,,,
Graduate Student,472,13,Bridge,Engineering,,,,,
Graduate Student,521,13,Bridge,Engineering,,,,,
Graduate Student,538,13,Bridge,Engineering,,,,,
Graduate Student,608,13,Bridge,"Humanities, Arts, and Social Sciences",,,,,
Graduate Student,660,13,Bridge,"Humanities, Arts, and Social Sciences",,,,,
Graduate Student,708,13,Bridge,Management,,,,,
Graduate Student,762,13,Bridge,Management,,,,,
Graduate Student,858,13,Bridge,Science,,,,,
Graduate Student,859,13,Bridge,Science,,,,,
Graduate Student,866,13,Bridge,Science,,,,,
Post-doc,327,13,Core,Core,,,,,
Research Staff,125,13,Bridge,"Humanities, Arts, and Social Sciences",,,,,
Research Staff,151,13,Bridge,Management,,,,,
Faculty,14,14,Core,Core,,,,,
Graduate Student,369,14,Bridge,Architecture and Planning,,,,,
Graduate Student,393,14,Bridge,Architecture and Planning,,,,,
Graduate Student,427,14,Bridge,Architecture and Planning,,,,,
Graduate Student,498,14,Bridge,Engineering,,,,,
Graduate Student,568,14,Bridge,"Humanities, Arts, and Social Sciences",,,,,
Graduate Student,572,14,Bridge,"Humanities, Arts, and Social Sciences",,,,,
Graduate Student,600,14,Bridge,"Humanities, Arts, and Social Sciences",,,,,
Graduate Student,616,14,Bridge,"Humanities, Arts, and Social Sciences",,,,,
Graduate Student,724,14,Bridge,Management,,,,,
Graduate Student,725,14,Bridge,Management,,,,,
Graduate Student,862,14,Bridge,Science,,,,,
Graduate Student,867,14,Bridge,Science,,,,,
Graduate Student,937,14,Core,Core,,,,,
Post-doc,203,14,Bridge,Architecture and Planning,,,,,
Research Staff,102,14,Bridge,Engineering,,,,,
Research Staff,122,14,Bridge,"Humanities, Arts, and Social Sciences",,,,,
Faculty,15,15,Core,Core,,,,,
Faculty,16,15,Core,Core,,,,,
Graduate Student,358,15,Bridge,Architecture and Planning,,,,,
Graduate Student,398,15,Bridge,Architecture and Planning,,,,,
Graduate Student,403,15,Bridge,Architecture and Planning,,,,,
Graduate Student,416,15,Bridge,Architecture and Planning,,,,,
Graduate Student,657,15,Bridge,"Humanities, Arts, and Social Sciences",,,,,
Graduate Student,728,15,Bridge,Management,,,,,
Graduate Student,874,15,Bridge,Science,,,,,
Graduate Student,883,15,Bridge,Science,,,,,
Graduate Student,896,15,Core,Core,,,,,
Graduate Student,946,15,Core,Core,,,,,
Graduate Student,951,15,Core,Core,,,,,
Post-doc,246,15,Bridge,Engineering,,,,,
Post-doc,269,15,Bridge,"Humanities, Arts, and Social Sciences",,,,,
Research Staff,168,15,Bridge,Science,,,,,
Graduate Student,386,16,Bridge,Architecture and Planning,,,,,
Graduate Student,387,16,Bridge,Architecture and Planning,,,,,
Graduate Student,415,16,Bridge,Architecture and Planning,,,,,
Graduate Student,418,16,Bridge,Architecture and Planning,,,,,
Graduate Student,554,16,Bridge,Engineering,,,,,
Graduate Student,584,16,Bridge,"Humanities, Arts, and Social Sciences",,,,,
Graduate Student,624,16,Bridge,"Humanities, Arts, and Social Sciences",,,,,
Graduate Student,693,16,Bridge,Management,,,,,
Graduate Student,721,16,Bridge,Management,,,,,
Graduate Student,826,16,Bridge,Science,,,,,
Graduate Student,944,16,Core,Core,,,,,
Graduate Student,967,16,Core,Core,,,,,
Post-doc,220,16,Bridge,Architecture and Planning,,,,,
Post-doc,260,16,Bridge,"Humanities, Arts, and Social Sciences",,,,,
Post-doc,288,16,Bridge,Management,,,,,
Research Staff,68,16,Bridge,Architecture and Planning,,,,,
Research Staff,143,16,Bridge,Management,,,,,
Research Staff,155,16,Bridge,Management,,,,,
Research Staff,179,16,Bridge,Science,,,,,
Faculty,17,17,Core,Core,,,,,
Graduate Student,443,17,Bridge,Architecture and Planning,,,,,
Graduate Student,632,17,Bridge,"Humanities, Arts, and Social Sciences",,,,,
Graduate Student,640,17,Bridge,"Humanities, Arts, and Social Sciences",,,,,
Graduate Student,679,17,Bridge,Management,,,,,
Graduate Student,794,17,Bridge,Science,,,,,
Graduate Student,897,17,Core,Core,,,,,
Graduate Student,909,17,Core,Core,,,,,
Graduate Student,924,17,Core,Core,,,,,
Post-doc,295,17,Bridge,Science,,,,,
Research Staff,135,17,Bridge,"Humanities, Arts, and Social Sciences",,,,,
Research Staff,137,17,Bridge,"Humanities, Arts, and Social Sciences",,,,,
Faculty,18,18,Core,Core,,,,,
Graduate Student,420,18,Bridge,Architecture and Planning,,,,,
Graduate Student,562,18,Bridge,"Humanities, Arts, and Social Sciences",,,,,
Graduate Student,623,18,Bridge,"Humanities, Arts, and Social Sciences",,,,,
Graduate Student,658,18,Bridge,"Humanities, Arts, and Social Sciences",,,,,
Graduate Student,678,18,Bridge,Management,,,,,
Graduate Student,686,18,Bridge,Management,,,,,
Graduate Student,755,18,Bridge,Management,,,,,
Graduate Student,839,18,Bridge,Science,,,,,
Graduate Student,880,18,Bridge,Science,,,,,
Graduate Student,957,18,Core,Core,,,,,
Post-doc,234,18,Bridge,Engineering,,,,,
Post-doc,272,18,Bridge,Management,,,,,
Post-doc,281,18,Bridge,Management,,,,,
Post-doc,313,18,Bridge,Science,,,,,
Faculty,19,19,Core,Core,,,,,
Graduate Student,397,19,Bridge,Architecture and Planning,,,,,
Graduate Student,518,19,Bridge,Engineering,,,,,
Graduate Student,549,19,Bridge,Engineering,,,,,
Graduate Student,684,19,Bridge,Management,,,,,
Graduate Student,774,19,Bridge,Management,,,,,
Graduate Student,775,19,Bridge,Management,,,,,
Graduate Student,942,19,Core,Core,,,,,
Graduate Student,965,19,Core,Core,,,,,
Post-doc,227,19,Bridge,Engineering,,,,,
Post-doc,264,19,Bridge,"Humanities, Arts, and Social Sciences",,,,,
Post-doc,309,19,Bridge,Science,,,,,
Post-doc,320,19,Core,Core,,,,,
Research Staff,103,19,Bridge,Engineering,,,,,
Research Staff,175,19,Bridge,Science,,,,,
Research Staff,189,19,Core,Core,,,,,
Faculty,20,20,Core,Core,,,,,
Faculty,36,20,Bridge,Architecture and Planning,,,,,
Faculty,63,20,Bridge,Science,,,,,
Graduate Student,388,20,Bridge,Architecture and Planning,,,,,
Graduate Student,441,20,Bridge,Architecture and Planning,,,,,
Graduate Student,484,20,Bridge,Engineering,,,,,
Graduate Student,528,20,Bridge,Engineering,,,,,
Graduate Student,539,20,Bridge,Engineering,,,,,
Graduate Student,587,20,Bridge,"Humanities, Arts, and Social Sciences",,,,,
Graduate Student,656,20,Bridge,"Humanities, Arts, and Social Sciences",,,,,
Graduate Student,773,20,Bridge,Management,,,,,
Graduate Student,849,20,Bridge,Science,,,,,
Graduate Student,908,20,Core,Core,,,,,
Graduate Student,938,20,Core,Core,,,,,
Research Staff,94,20,Bridge,Engineering,,,,,
Research Staff,170,20,Bridge,Science,,,,,
Faculty,21,21,Core,Core,,,,,
Graduate Student,354,21,Bridge,Architecture and Planning,,,,,
Graduate Student,385,21,Bridge,Architecture and Planning,,,,,
Graduate Student,532,21,Bridge,Engineering,,,,,
Graduate Student,537,21,Bridge,Engineering,,,,,
Graduate Student,555,21,Bridge,Engineering,,,,,
Graduate Student,569,21,Bridge,"Humanities, Arts, and Social Sciences",,,,,
Graduate Student,836,21,Bridge,Science,,,,,
Graduate Student,840,21,Bridge,Science,,,,,
Graduate Student,961,21,Core,Core,,,,,
Graduate Student,963,21,Core,Core,,,,,
Post-doc,268,21,Bridge,"Humanities, Arts, and Social Sciences",,,,,
Post-doc,303,21,Bridge,Science,,,,,
Post-doc,316,21,Bridge,Science,,,,,
Post-doc,333,21,Core,Core,,,,,
Faculty,22,22,Core,Core,,,,,
Faculty,23,22,Core,Core,,,,,
Graduate Student,341,22,Bridge,Architecture and Planning,,,,,
Graduate Student,580,22,Bridge,"Humanities, Arts, and Social Sciences",,,,,
Graduate Student,592,22,Bridge,"Humanities, Arts, and Social Sciences",,,,,
Graduate Student,602,22,Bridge,"Humanities, Arts, and Social Sciences",,,,,
Graduate Student,604,22,Bridge,"Humanities, Arts, and Social Sciences",,,,,
Graduate Student,620,22,Bridge,"Humanities, Arts, and Social Sciences",,,,,
Graduate Student,689,22,Bridge,Management,,,,,
Graduate Student,691,22,Bridge,Management,,,,,
Graduate Student,754,22,Bridge,Management,,,,,
Graduate Student,807,22,Bridge,Science,,,,,
Graduate Student,848,22,Bridge,Science,,,,,
Graduate Student,857,22,Bridge,Science,,,,,
Graduate Student,988,22,Core,Core,,,,,
Graduate Student,989,22,Core,Core,,,,,
Post-doc,318,22,Core,Core,,,,,
Graduate Student,552,23,Bridge,Engineering,,,,,
Graduate Student,639,23,Bridge,"Humanities, Arts, and Social Sciences",,,,,
Graduate Student,703,23,Bridge,Management,,,,,
Graduate Student,748,23,Bridge,Management,,,,,
Graduate Student,983,23,Core,Core,,,,,
Post-doc,252,23,Bridge,"Humanities, Arts, and Social Sciences",,,,,
Research Staff,87,23,Bridge,Architecture and Planning,,,,,
Research Staff,128,23,Bridge,"Humanities, Arts, and Social Sciences",,,,,
Research Staff,199,23,Core,Core,,,,,
Faculty,24,24,Core,Core,,,,,
Faculty,50,24,Bridge,"Humanities, Arts, and Social Sciences",,,,,
Graduate Student,394,24,Bridge,Architecture and Planning,,,,,
Graduate Student,444,24,Bridge,Architecture and Planning,,,,,
Graduate Student,483,24,Bridge,Engineering,,,,,
Graduate Student,485,24,Bridge,Engineering,,,,,
Graduate Student,519,24,Bridge,Engineering,,,,,
Graduate Student,593,24,Bridge,"Humanities, Arts, and Social Sciences",,,,,
Graduate Student,832,24,Bridge,Science,,,,,
Post-doc,292,24,Bridge,Management,,,,,
Post-doc,306,24,Bridge,Science,,,,,
Research Staff,119,24,Bridge,"Humanities, Arts, and Social Sciences",,,,,
Research Staff,153,24,Bridge,Management,,,,,
Research Staff,196,24,Core,Core,,,,,
Faculty,25,25,Core,Core,,,,,
Graduate Student,611,25,Bridge,"Humanities, Arts, and Social Sciences",,,,,
Graduate Student,685,25,Bridge,Management,,,,,
Graduate Student,687,25,Bridge,Management,,,,,
Graduate Student,711,25,Bridge,Management,,,,,
Graduate Student,903,25,Core,Core,,,,,
Graduate Student,973,25,Core,Core,,,,,
Graduate Student,996,25,Core,Core,,,,,
Post-doc,293,25,Bridge,Management,,,,,
Research Staff,91,25,Bridge,Architecture and Planning,,,,,
Research Staff,116,25,Bridge,"Humanities, Arts, and Social Sciences",,,,,
Research Staff,180,25,Bridge,Science,,,,,
Research Staff,193,25,Core,Core,,,,,
Faculty,26,26,Core,Core,,,,,
Graduate Student,395,26,Bridge,Architecture and Planning,,,,,
Graduate Student,423,26,Bridge,Architecture and Planning,,,,,
Graduate Student,513,26,Bridge,Engineering,,,,,
Graduate Student,525,26,Bridge,Engineering,,,,,
Graduate Student,551,26,Bridge,Engineering,,,,,
Graduate Student,642,26,Bridge,"Humanities, Arts, and Social Sciences",,,,,
Graduate Student,646,26,Bridge,"Humanities, Arts, and Social Sciences",,,,,
Graduate Student,749,26,Bridge,Management,,,,,
Graduate Student,770,26,Bridge,Management,,,,,
Graduate Student,781,26,Bridge,Science,,,,,
Graduate Student,804,26,Bridge,Science,,,,,
Graduate Student,824,26,Bridge,Science,,,,,
Graduate Student,900,26,Core,Core,,,,,
Graduate Student,928,26,Core,Core,,,,,
Graduate Student,970,26,Core,Core,,,,,
Graduate Student,975,26,Core,Core,,,,,
Graduate Student,982,26,Core,Core,,,,,
Post-doc,231,26,Bridge,Engineering,,,,,
Post-doc,256,26,Bridge,"Humanities, Arts, and Social Sciences",,,,,
Post-doc,290,26,Bridge,Management,,,,,
Research Staff,99,26,Bridge,Engineering,,,,,
Research Staff,123,26,Bridge,"Humanities, Arts, and Social Sciences",,,,,
Research Staff,165,26,Bridge,Science,,,,,
Faculty,27,27,Core,Core,,,,,
Faculty,56,27,Bridge,Management,,,,,
Graduate Student,422,27,Bridge,Architecture and Planning,,,,,
Graduate Student,468,27,Bridge,Engineering,,,,,
Graduate Student,494,27,Bridge,Engineering,,,,,
Graduate Student,550,27,Bridge,Engineering,,,,,
Graduate Student,805,27,Bridge,Science,,,,,
Graduate Student,884,27,Bridge,Science,,,,,
Graduate Student,890,27,Core,Core,,,,,
Graduate Student,906,27,Core,Core,,,,,
Graduate Student,917,27,Core,Core,,,,,
Graduate Student,987,27,Core,Core,,,,,
Post-doc,218,27,Bridge,Architecture and Planning,,,,,
Research Staff,112,27,Bridge,Engineering,,,,,
Faculty,28,28,Core,Core,,,,,
Graduate Student,370,28,Bridge,Architecture and Planning,,,,,
Graduate Student,391,28,Bridge,Architecture and Planning,,,,,
Graduate Student,505,28,Bridge,Engineering,,,,,
Graduate Student,607,28,Bridge,"Humanities, Arts, and Social Sciences",,,,,
Graduate Student,647,28,Bridge,"Humanities, Arts, and Social Sciences",,,,,
Graduate Student,677,28,Bridge,Management,,,,,
Graduate Student,688,28,Bridge,Management,,,,,
Graduate Student,730,28,Bridge,Management,,,,,
Graduate Student,777,28,Bridge,Science,,,,,
Post-doc,265,28,Bridge,"Humanities, Arts, and Social Sciences",,,,,
Post-doc,289,28,Bridge,Management,,,,,
Research Staff,185,28,Core,Core,,,,,
Faculty,29,29,Core,Core,,,,,
Graduate Student,352,29,Bridge,Architecture and Planning,,,,,
Graduate Student,588,29,Bridge,"Humanities, Arts, and Social Sciences",,,,,
Graduate Student,605,29,Bridge,"Humanities, Arts, and Social Sciences",,,,,
Graduate Student,613,29,Bridge,"Humanities, Arts, and Social Sciences",,,,,
Graduate Student,614,29,Bridge,"Humanities, Arts, and Social Sciences",,,,,
Graduate Student,879,29,Bridge,Science,,,,,
Research Staff,191,29,Core,Core,,,,,
Faculty,30,30,Core,Core,,,,,
Graduate Student,425,30,Bridge,Architecture and Planning,,,,,
Graduate Student,533,30,Bridge,Engineering,,,,,
Graduate Student,536,30,Bridge,Engineering,,,,,
Graduate Student,606,30,Bridge,"Humanities, Arts, and Social Sciences",,,,,
Graduate Student,701,30,Bridge,Management,,,,,
Graduate Student,769,30,Bridge,Management,,,,,
Graduate Student,800,30,Bridge,Science,,,,,
Graduate Student,835,30,Bridge,Science,,,,,
Graduate Student,853,30,Bridge,Science,,,,,
Graduate Student,854,30,Bridge,Science,,,,,
Graduate Student,860,30,Bridge,Science,,,,,
Post-doc,210,30,Bridge,Architecture and Planning,,,,,
Post-doc,235,30,Bridge,Engineering,,,,,
Post-doc,257,30,Bridge,"Humanities, Arts, and Social Sciences",,,,,
Post-doc,302,30,Bridge,Science,,,,,
Research Staff,110,30,Bridge,Engineering,,,,,
Research Staff,120,30,Bridge,"Humanities, Arts, and Social Sciences",,,,,
Research Staff,166,30,Bridge,Science,,,,,
Faculty,31,31,Core,Core,,,,,
Graduate Student,766,31,Bridge,Management,,,,,
Graduate Student,844,31,Bridge,Science,,,,,
Graduate Student,865,31,Bridge,Science,,,,,
Graduate Student,868,31,Bridge,Science,,,,,
Graduate Student,977,31,Core,Core,,,,,
Research Staff,97,31,Bridge,Engineering,,,,,
Research Staff,184,31,Core,Core,,,,,
Research Staff,200,31,Core,Core,,,,,
Faculty,32,32,Core,Core,,,,,
Graduate Student,342,32,Bridge,Architecture and Planning,,,,,
Graduate Student,374,32,Bridge,Architecture and Planning,,,,,
Graduate Student,545,32,Bridge,Engineering,,,,,
Graduate Student,637,32,Bridge,"Humanities, Arts, and Social Sciences",,,,,
Graduate Student,697,32,Bridge,Management,,,,,
Graduate Student,759,32,Bridge,Management,,,,,
Graduate Student,929,32,Core,Core,,,,,
Graduate Student,935,32,Core,Core,,,,,
Graduate Student,950,32,Core,Core,,,,,
Post-doc,254,32,Bridge,"Humanities, Arts, and Social Sciences",,,,,
Post-doc,270,32,Bridge,"Humanities, Arts, and Social Sciences",,,,,
Research Staff,138,32,Bridge,Management,,,,,
Research Staff,154,32,Bridge,Management,,,,,
Research Staff,163,32,Bridge,Science,,,,,
Faculty,33,33,Core,Core,,,,,
Graduate Student,382,33,Bridge,Architecture and Planning,,,,,
Graduate Student,448,33,Bridge,Engineering,,,,,
Graduate Student,553,33,Bridge,Engineering,,,,,
Graduate Student,563,33,Bridge,"Humanities, Arts, and Social Sciences",,,,,
Graduate Student,690,33,Bridge,Management,,,,,
Graduate Student,723,33,Bridge,Management,,,,,
Graduate Student,756,33,Bridge,Management,,,,,
Graduate Student,780,33,Bridge,Science,,,,,
Graduate Student,789,33,Bridge,Science,,,,,
Graduate Student,808,33,Bridge,Science,,,,,
Graduate Student,968,33,Core,Core,,,,,
Post-doc,244,33,Bridge,Engineering,,,,,
Research Staff,198,33,Core,Core,,,,,
Faculty,34,34,Core,Core,,,,,
Graduate Student,343,34,Bridge,Architecture and Planning,,,,,
Graduate Student,411,34,Bridge,Architecture and Planning,,,,,
Graduate Student,413,34,Bridge,Architecture and Planning,,,,,
Graduate Student,447,34,Bridge,Engineering,,,,,
Graduate Student,489,34,Bridge,Engineering,,,,,
Graduate Student,512,34,Bridge,Engineering,,,,,
Graduate Student,564,34,Bridge,"Humanities, Arts, and Social Sciences",,,,,
Graduate Student,707,34,Bridge,Management,,,,,
Graduate Student,752,34,Bridge,Management,,,,,
Graduate Student,872,34,Bridge,Science,,,,,
Graduate Student,905,34,Core,Core,,,,,
Graduate Student,959,34,Core,Core,,,,,
Graduate Student,985,34,Core,Core,,,,,
Post-doc,304,34,Bridge,Science,,,,,
Research Staff,117,34,Bridge,"Humanities, Arts, and Social Sciences",,,,,
Research Staff,126,34,Bridge,"Humanities, Arts, and Social Sciences",,,,,
Research Staff,140,34,Bridge,Management,,,,,
Graduate Student,348,35,Bridge,Architecture and Planning,,,,,
Graduate Student,355,35,Bridge,Architecture and Planning,,,,,
Graduate Student,401,35,Bridge,Architecture and Planning,,,,,
Graduate Student,406,35,Bridge,Architecture and Planning,,,,,
Graduate Student,501,35,Bridge,Engineering,,,,,
Graduate Student,509,35,Bridge,Engineering,,,,,
Graduate Student,581,35,Bridge,"Humanities, Arts, and Social Sciences",,,,,
Graduate Student,791,35,Bridge,Science,,,,,
Graduate Student,830,35,Bridge,Science,,,,,
Graduate Student,875,35,Bridge,Science,,,,,
Graduate Student,954,35,Core,Core,,,,,
Graduate Student,960,35,Core,Core,,,,,
Graduate Student,995,35,Core,Core,,,,,
Research Staff,77,35,Bridge,Architecture and Planning,,,,,
Research Staff,146,35,Bridge,Management,,,,,
Graduate Student,414,36,Bridge,Architecture and Planning,,,,,
Graduate Student,463,36,Bridge,Engineering,,,,,
Graduate Student,493,36,Bridge,Engineering,,,,,
Graduate Student,591,36,Bridge,"Humanities, Arts, and Social Sciences",,,,,
Graduate Student,700,36,Bridge,Management,,,,,
Graduate Student,833,36,Bridge,Science,,,,,
Graduate Student,885,36,Bridge,Science,,,,,
Graduate Student,891,36,Core,Core,,,,,
Post-doc,205,36,Bridge,Architecture and Planning,,,,,
Post-doc,232,36,Bridge,Engineering,,,,,
Post-doc,285,36,Bridge,Management,,,,,
Post-doc,322,36,Core,Core,,,,,
Faculty,37,37,Bridge,Architecture and Planning,,,,,
Graduate Student,405,37,Bridge,Architecture and Planning,,,,,
Graduate Student,490,37,Bridge,Engineering,,,,,
Graduate Student,515,37,Bridge,Engineering,,,,,
Graduate Student,566,37,Bridge,"Humanities, Arts, and Social Sciences",,,,,
Graduate Student,627,37,Bridge,"Humanities, Arts, and Social Sciences",,,,,
Graduate Student,802,37,Bridge,Science,,,,,
Graduate Student,814,37,Bridge,Science,,,,,
Graduate Student,919,37,Core,Core,,,,,
Post-doc,241,37,Bridge,Engineering,,,,,
Post-doc,286,37,Bridge,Management,,,,,
Post-doc,319,37,Core,Core,,,,,
Research Staff,92,37,Bridge,Engineering,,,,,
Research Staff,127,37,Bridge,"Humanities, Arts, and Social Sciences",,,,,
Faculty,38,38,Bridge,Architecture and Planning,,,,,
Graduate Student,404,38,Bridge,Architecture and Planning,,,,,
Graduate Student,457,38,Bridge,Engineering,,,,,
Graduate Student,480,38,Bridge,Engineering,,,,,
Graduate Student,506,38,Bridge,Engineering,,,,,
Graduate Student,577,38,Bridge,"Humanities, Arts, and Social Sciences",,,,,
Graduate Student,663,38,Bridge,"Humanities, Arts, and Social Sciences",,,,,
Graduate Student,720,38,Bridge,Management,,,,,
Graduate Student,813,38,Bridge,Science,,,,,
Post-doc,259,38,Bridge,"Humanities, Arts, and Social Sciences",,,,,
Research Staff,98,38,Bridge,Engineering,,,,,
Research Staff,108,38,Bridge,Engineering,,,,,
Research Staff,124,38,Bridge,"Humanities, Arts, and Social Sciences",,,,,
Research Staff,182,38,Bridge,Science,,,,,
Faculty,39,39,Bridge,Architecture and Planning,,,,,
Graduate Student,337,39,Bridge,Architecture and Planning,,,,,
Graduate Student,338,39,Bridge,Architecture and Planning,,,,,
Graduate Student,363,39,Bridge,Architecture and Planning,,,,,
Graduate Student,466,39,Bridge,Engineering,,,,,
Graduate Student,469,39,Bridge,Engineering,,,,,
Graduate Student,672,39,Bridge,Management,,,,,
Graduate Student,851,39,Bridge,Science,,,,,
Graduate Student,852,39,Bridge,Science,,,,,
Post-doc,230,39,Bridge,Engineering,,,,,
Post-doc,255,39,Bridge,"Humanities, Arts, and Social Sciences",,,,,
Post-doc,280,39,Bridge,Management,,,,,
Research Staff,121,39,Bridge,"Humanities, Arts, and Social Sciences",,,,,
Research Staff,157,39,Bridge,Management,,,,,
Research Staff,169,39,Bridge,Science,,,,,
Faculty,40,40,Bridge,Architecture and Planning,,,,,
Graduate Student,442,40,Bridge,Architecture and Planning,,,,,
Graduate Student,575,40,Bridge,"Humanities, Arts, and Social Sciences",,,,,
Graduate Student,582,40,Bridge,"Humanities, Arts, and Social Sciences",,,,,
Graduate Student,662,40,Bridge,"Humanities, Arts, and Social Sciences",,,,,
Graduate Student,726,40,Bridge,Management,,,,,
Graduate Student,817,40,Bridge,Science,,,,,
Graduate Student,962,40,Core,Core,,,,,
Post-doc,305,40,Bridge,Science,,,,,
Graduate Student,346,41,Bridge,Architecture and Planning,,,,,
Graduate Student,353,41,Bridge,Architecture and Planning,,,,,
Graduate Student,378,41,Bridge,Architecture and Planning,,,,,
Graduate Student,400,41,Bridge,Architecture and Planning,,,,,
Graduate Student,412,41,Bridge,Architecture and Planning,,,,,
Graduate Student,428,41,Bridge,Architecture and Planning,,,,,
Graduate Student,478,41,Bridge,Engineering,,,,,
Graduate Student,511,41,Bridge,Engineering,,,,,
Graduate Student,636,41,Bridge,"Humanities, Arts, and Social Sciences",,,,,
Graduate Student,709,41,Bridge,Management,,,,,
Graduate Student,737,41,Bridge,Management,,,,,
Graduate Student,772,41,Bridge,Management,,,,,
Graduate Student,783,41,Bridge,Science,,,,,
Graduate Student,837,41,Bridge,Science,,,,,
Graduate Student,838,41,Bridge,Science,,,,,
Graduate Student,847,41,Bridge,Science,,,,,
Graduate Student,902,41,Core,Core,,,,,
Graduate Student,998,41,Core,Core,,,,,
Post-doc,284,41,Bridge,Management,,,,,
Research Staff,141,41,Bridge,Management,,,,,
Research Staff,158,41,Bridge,Management,,,,,
Graduate Student,421,42,Bridge,Architecture and Planning,,,,,
Graduate Student,481,42,Bridge,Engineering,,,,,
Graduate Student,534,42,Bridge,Engineering,,,,,
Graduate Student,595,42,Bridge,"Humanities, Arts, and Social Sciences",,,,,
Graduate Student,633,42,Bridge,"Humanities, Arts, and Social Sciences",,,,,
Graduate Student,669,42,Bridge,Management,,,,,
Graduate Student,735,42,Bridge,Management,,,,,
Graduate Student,797,42,Bridge,Science,,,,,
Graduate Student,898,42,Core,Core,,,,,
Post-doc,326,42,Core,Core,,,,,
Research Staff,71,42,Bridge,Architecture and Planning,,,,,
Research Staff,84,42,Bridge,Architecture and Planning,,,,,
Research Staff,132,42,Bridge,"Humanities, Arts, and Social Sciences",,,,,
Research Staff,147,42,Bridge,Management,,,,,
Faculty,43,43,Bridge,Engineering,,,,,
Graduate Student,368,43,Bridge,Architecture and Planning,,,,,
Graduate Student,380,43,Bridge,Architecture and Planning,,,,,
Graduate Student,392,43,Bridge,Architecture and Planning,,,,,
Graduate Student,467,43,Bridge,Engineering,,,,,
Graduate Student,475,43,Bridge,Engineering,,,,,
Graduate Student,715,43,Bridge,Management,,,,,
Graduate Student,771,43,Bridge,Management,,,,,
Graduate Student,809,43,Bridge,Science,,,,,
Graduate Student,834,43,Bridge,Science,,,,,
Graduate Student,843,43,Bridge,Science,,,,,
Graduate Student,881,43,Bridge,Science,,,,,
Graduate Student,913,43,Core,Core,,,,,
Graduate Student,918,43,Core,Core,,,,,
Graduate Student,947,43,Core,Core,,,,,
Post-doc,299,43,Bridge,Science,,,,,
Research Staff,69,43,Bridge,Architecture and Planning,,,,,
Faculty,44,44,Bridge,Engineering,,,,,
Graduate Student,433,44,Bridge,Architecture and Planning,,,,,
Graduate Student,446,44,Bridge,Engineering,,,,,
Graduate Student,482,44,Bridge,Engineering,,,,,
Graduate Student,560,44,Bridge,"Humanities, Arts, and Social Sciences",,,,,
Graduate Student,630,44,Bridge,"Humanities, Arts, and Social Sciences",,,,,
Graduate Student,671,44,Bridge,Management,,,,,
Graduate Student,731,44,Bridge,Management,,,,,
Graduate Student,948,44,Core,Core,,,,,
Graduate Student,958,44,Core,Core,,,,,
Research Staff,81,44,Bridge,Architecture and Planning,,,,,
Research Staff,95,44,Bridge,Engineering,,,,,
Research Staff,109,44,Bridge,Engineering,,,,,
Research Staff,130,44,Bridge,"Humanities, Arts, and Social Sciences",,,,,
Research Staff,186,44,Core,Core,,,,,
Faculty,45,45,Bridge,Engineering,,,,,
Graduate Student,362,45,Bridge,Architecture and Planning,,,,,
Graduate Student,471,45,Bridge,Engineering,,,,,
Graduate Student,497,45,Bridge,Engineering,,,,,
Graduate Student,570,45,Bridge,"Humanities, Arts, and Social Sciences",,,,,
Graduate Student,659,45,Bridge,"Humanities, Arts, and Social Sciences",,,,,
Graduate Student,692,45,Bridge,Management,,,,,
Graduate Student,799,45,Bridge,Science,,,,,
Graduate Student,871,45,Bridge,Science,,,,,
Graduate Student,920,45,Core,Core,,,,,
Graduate Student,974,45,Core,Core,,,,,
Post-doc,213,45,Bridge,Architecture and Planning,,,,,
Post-doc,324,45,Core,Core,,,,,
Post-doc,329,45,Core,Core,,,,,
Faculty,46,46,Bridge,Engineering,,,,,
Graduate Student,373,46,Bridge,Architecture and Planning,,,,,
Graduate Student,399,46,Bridge,Architecture and Planning,,,,,
Graduate Student,609,46,Bridge,"Humanities, Arts, and Social Sciences",,,,,
Graduate Student,612,46,Bridge,"Humanities, Arts, and Social Sciences",,,,,
Graduate Student,696,46,Bridge,Management,,,,,
Graduate Student,698,46,Bridge,Management,,,,,
Graduate Student,763,46,Bridge,Management,,,,,
Graduate Student,765,46,Bridge,Management,,,,,
Graduate Student,793,46,Bridge,Science,,,,,
Graduate Student,801,46,Bridge,Science,,,,,
Graduate Student,810,46,Bridge,Science,,,,,
Graduate Student,825,46,Bridge,Science,,,,,
Graduate Student,855,46,Bridge,Science,,,,,
Graduate Student,882,46,Bridge,Science,,,,,
Graduate Student,997,46,Core,Core,,,,,
Post-doc,223,46,Bridge,Architecture and Planning,,,,,
Post-doc,251,46,Bridge,"Humanities, Arts, and Social Sciences",,,,,
Research Staff,148,46,Bridge,Management,,,,,
Faculty,47,47,Bridge,Engineering,,,,,
Graduate Student,417,47,Bridge,Architecture and Planning,,,,,
Graduate Student,517,47,Bridge,Engineering,,,,,
Graduate Student,571,47,Bridge,"Humanities, Arts, and Social Sciences",,,,,
Graduate Student,619,47,Bridge,"Humanities, Arts, and Social Sciences",,,,,
Graduate Student,741,47,Bridge,Management,,,,,
Graduate Student,831,47,Bridge,Science,,,,,
Graduate Student,901,47,Core,Core,,,,,
Graduate Student,925,47,Core,Core,,,,,
Post-doc,215,47,Bridge,Architecture and Planning,,,,,
Post-doc,274,47,Bridge,Management,,,,,
Post-doc,310,47,Bridge,Science,,,,,
Research Staff,82,47,Bridge,Architecture and Planning,,,,,
Research Staff,118,47,Bridge,"Humanities, Arts, and Social Sciences",,,,,
Faculty,48,48,Bridge,Engineering,,,,,
Graduate Student,459,48,Bridge,Engineering,,,,,
Graduate Student,526,48,Bridge,Engineering,,,,,
Graduate Student,578,48,Bridge,"Humanities, Arts, and Social Sciences",,,,,
Graduate Student,596,48,Bridge,"Humanities, Arts, and Social Sciences",,,,,
Graduate Student,666,48,Bridge,Management,,,,,
Graduate Student,702,48,Bridge,Management,,,,,
Graduate Student,888,48,Core,Core,,,,,
Graduate Student,936,48,Core,Core,,,,,
Graduate Student,992,48,Core,Core,,,,,
Graduate Student,994,48,Core,Core,,,,,
Post-doc,250,48,Bridge,"Humanities, Arts, and Social Sciences",,,,,
Post-doc,296,48,Bridge,Science,,,,,
Research Staff,113,48,Bridge,Engineering,,,,,
Research Staff,162,48,Bridge,Science,,,,,
Graduate Student,356,49,Bridge,Architecture and Planning,,,,,
Graduate Student,430,49,Bridge,Architecture and Planning,,,,,
Graduate Student,488,49,Bridge,Engineering,,,,,
Graduate Student,541,49,Bridge,Engineering,,,,,
Graduate Student,574,49,Bridge,"Humanities, Arts, and Social Sciences",,,,,
Graduate Student,629,49,Bridge,"Humanities, Arts, and Social Sciences",,,,,
Graduate Student,673,49,Bridge,Management,,,,,
Graduate Student,972,49,Core,Core,,,,,
Graduate Student,976,49,Core,Core,,,,,
Post-doc,247,49,Bridge,Engineering,,,,,
Post-doc,249,49,Bridge,"Humanities, Arts, and Social Sciences",,,,,
Post-doc,277,49,Bridge,Management,,,,,
Research Staff,96,49,Bridge,Engineering,,,,,
Graduate Student,500,50,Bridge,Engineering,,,,,
Graduate Student,558,50,Bridge,"Humanities, Arts, and Social Sciences",,,,,
Graduate Student,743,50,Bridge,Management,,,,,
Graduate Student,760,50,Bridge,Management,,,,,
Graduate Student,803,50,Bridge,Science,,,,,
Graduate Student,956,50,Core,Core,,,,,
Post-doc,248,50,Bridge,Engineering,,,,,
Research Staff,88,50,Bridge,Architecture and Planning,,,,,
Research Staff,161,50,Bridge,Science,,,,,
Research Staff,181,50,Bridge,Science,,,,,
Faculty,51,51,Bridge,"Humanities, Arts, and Social Sciences",,,,,
Graduate Student,359,51,Bridge,Architecture and Planning,,,,,
Graduate Student,389,51,Bridge,Architecture and Planning,,,,,
Graduate Student,546,51,Bridge,Engineering,,,,,
Graduate Student,547,51,Bridge,Engineering,,,,,
Graduate Student,617,51,Bridge,"Humanities, Arts, and Social Sciences",,,,,
Graduate Student,767,51,Bridge,Management,,,,,
Graduate Student,795,51,Bridge,Science,,,,,
Graduate Student,856,51,Bridge,Science,,,,,
Graduate Student,915,51,Core,Core,,,,,
Graduate Student,979,51,Core,Core,,,,,
Post-doc,224,51,Bridge,Architecture and Planning,,,,,
Post-doc,331,51,Core,Core,,,,,
Research Staff,173,51,Bridge,Science,,,,,
Faculty,52,52,Bridge,"Humanities, Arts, and Social Sciences",,,,,
Graduate Student,402,52,Bridge,Architecture and Planning,,,,,
Graduate Student,450,52,Bridge,Engineering,,,,,
Graduate Student,530,52,Bridge,Engineering,,,,,
Graduate Student,583,52,Bridge,"Humanities, Arts, and Social Sciences",,,,,
Graduate Student,590,52,Bridge,"Humanities, Arts, and Social Sciences",,,,,
Graduate Student,628,52,Bridge,"Humanities, Arts, and Social Sciences",,,,,
Graduate Student,661,52,Bridge,"Humanities, Arts, and Social Sciences",,,,,
Graduate Student,665,52,Bridge,"Humanities, Arts, and Social Sciences",,,,,
Graduate Student,695,52,Bridge,Management,,,,,
Graduate Student,704,52,Bridge,Management,,,,,
Graduate Student,722,52,Bridge,Management,,,,,
Graduate Student,729,52,Bridge,Management,,,,,
Graduate Student,788,52,Bridge,Science,,,,,
Graduate Student,821,52,Bridge,Science,,,,,
Graduate Student,878,52,Bridge,Science,,,,,
Graduate Student,922,52,Core,Core,,,,,
Graduate Student,930,52,Core,Core,,,,,
Graduate Student,955,52,Core,Core,,,,,
Post-doc,202,52,Bridge,Architecture and Planning,,,,,
Post-doc,262,52,Bridge,"Humanities, Arts, and Social Sciences",,,,,
Research Staff,188,52,Core,Core,,,,,
Faculty,53,53,Bridge,"Humanities, Arts, and Social Sciences",,,,,
Graduate Student,439,53,Bridge,Architecture and Planning,,,,,
Graduate Student,487,53,Bridge,Engineering,,,,,
Graduate Student,502,53,Bridge,Engineering,,,,,
Graduate Student,603,53,Bridge,"Humanities, Arts, and Social Sciences",,,,,
Graduate Student,674,53,Bridge,Management,,,,,
Graduate Student,785,53,Bridge,Science,,,,,
Graduate Student,827,53,Bridge,Science,,,,,
Graduate Student,889,53,Core,Core,,,,,
Post-doc,238,53,Bridge,Engineering,,,,,
Research Staff,70,53,Bridge,Architecture and Planning,,,,,
Research Staff,149,53,Bridge,Management,,,,,
Faculty,54,54,Bridge,"Humanities, Arts, and Social Sciences",,,,,
Graduate Student,345,54,Bridge,Architecture and Planning,,,,,
Graduate Student,371,54,Bridge,Architecture and Planning,,,,,
Graduate Student,372,54,Bridge,Architecture and Planning,,,,,
Graduate Student,434,54,Bridge,Architecture and Planning,,,,,
Graduate Student,438,54,Bridge,Architecture and Planning,,,,,
Graduate Student,440,54,Bridge,Architecture and Planning,,,,,
Graduate Student,456,54,Bridge,Engineering,,,,,
Graduate Student,529,54,Bridge,Engineering,,,,,
Graduate Student,573,54,Bridge,"Humanities, Arts, and Social Sciences",,,,,
Graduate Student,579,54,Bridge,"Humanities, Arts, and Social Sciences",,,,,
Graduate Student,668,54,Bridge,Management,,,,,
Graduate Student,739,54,Bridge,Management,,,,,
Graduate Student,899,54,Core,Core,,,,,
Graduate Student,986,54,Core,Core,,,,,
Post-doc,283,54,Bridge,Management,,,,,
Post-doc,297,54,Bridge,Science,,,,,
Research Staff,72,54,Bridge,Architecture and Planning,,,,,
Research Staff,105,54,Bridge,Engineering,,,,,
Research Staff,156,54,Bridge,Management,,,,,
Research Staff,172,54,Bridge,Science,,,,,
Graduate Student,376,55,Bridge,Architecture and Planning,,,,,
Graduate Student,664,55,Bridge,"Humanities, Arts, and Social Sciences",,,,,
Graduate Student,710,55,Bridge,Management,,,,,
Graduate Student,736,55,Bridge,Management,,,,,
Graduate Student,806,55,Bridge,Science,,,,,
Graduate Student,916,55,Core,Core,,,,,
Graduate Student,933,55,Core,Core,,,,,
Post-doc,271,55,Bridge,"Humanities, Arts, and Social Sciences",,,,,
Post-doc,321,55,Core,Core,,,,,
Research Staff,142,55,Bridge,Management,,,,,
Research Staff,171,55,Bridge,Science,,,,,
Graduate Student,351,56,Bridge,Architecture and Planning,,,,,
Graduate Student,361,56,Bridge,Architecture and Planning,,,,,
Graduate Student,379,56,Bridge,Architecture and Planning,,,,,
Graduate Student,383,56,Bridge,Architecture and Planning,,,,,
Graduate Student,396,56,Bridge,Architecture and Planning,,,,,
Graduate Student,476,56,Bridge,Engineering,,,,,
Graduate Student,510,56,Bridge,Engineering,,,,,
Graduate Student,527,56,Bridge,Engineering,,,,,
Graduate Student,535,56,Bridge,Engineering,,,,,
Graduate Student,559,56,Bridge,"Humanities, Arts, and Social Sciences",,,,,
Graduate Student,694,56,Bridge,Management,,,,,
Graduate Student,753,56,Bridge,Management,,,,,
Graduate Student,822,56,Bridge,Science,,,,,
Graduate Student,870,56,Bridge,Science,,,,,
Graduate Student,892,56,Core,Core,,,,,
Post-doc,278,56,Bridge,Management,,,,,
Post-doc,315,56,Bridge,Science,,,,,
Research Staff,187,56,Core,Core,,,,,
Faculty,57,57,Bridge,Management,,,,,
Graduate Student,426,57,Bridge,Architecture and Planning,,,,,
Graduate Student,431,57,Bridge,Architecture and Planning,,,,,
Graduate Student,556,57,Bridge,"Humanities, Arts, and Social Sciences",,,,,
Graduate Student,645,57,Bridge,"Humanities, Arts, and Social Sciences",,,,,
Graduate Student,717,57,Bridge,Management,,,,,
Graduate Student,732,57,Bridge,Management,,,,,
Graduate Student,738,57,Bridge,Management,,,,,
Graduate Student,768,57,Bridge,Management,,,,,
Graduate Student,893,57,Core,Core,,,,,
Post-doc,206,57,Bridge,Architecture and Planning,,,,,
Research Staff,83,57,Bridge,Architecture and Planning,,,,,
Research Staff,131,57,Bridge,"Humanities, Arts, and Social Sciences",,,,,
Research Staff,152,57,Bridge,Management,,,,,
Research Staff,160,57,Bridge,Management,,,,,
Research Staff,178,57,Bridge,Science,,,,,
Faculty,58,58,Bridge,Management,,,,,
Graduate Student,436,58,Bridge,Architecture and Planning,,,,,
Graduate Student,508,58,Bridge,Engineering,,,,,
Graduate Student,522,58,Bridge,Engineering,,,,,
Graduate Student,531,58,Bridge,Engineering,,,,,
Graduate Student,561,58,Bridge,"Humanities, Arts, and Social Sciences",,,,,
Graduate Student,589,58,Bridge,"Humanities, Arts, and Social Sciences",,,,,
Graduate Student,615,58,Bridge,"Humanities, Arts, and Social Sciences",,,,,
Graduate Student,904,58,Core,Core,,,,,
Graduate Student,980,58,Core,Core,,,,,
Graduate Student,981,58,Core,Core,,,,,
Post-doc,239,58,Bridge,Engineering,,,,,
Research Staff,75,58,Bridge,Architecture and Planning,,,,,
Research Staff,134,58,Bridge,"Humanities, Arts, and Social Sciences",,,,,
Research Staff,167,58,Bridge,Science,,,,,
Faculty,59,59,Bridge,Management,,,,,
Graduate Student,491,59,Bridge,Engineering,,,,,
Graduate Student,492,59,Bridge,Engineering,,,,,
Graduate Student,495,59,Bridge,Engineering,,,,,
Graduate Student,601,59,Bridge,"Humanities, Arts, and Social Sciences",,,,,
Graduate Student,751,59,Bridge,Management,,,,,
Graduate Student,940,59,Core,Core,,,,,
Graduate Student,953,59,Core,Core,,,,,
Graduate Student,964,59,Core,Core,,,,,
Post-doc,222,59,Bridge,Architecture and Planning,,,,,
Post-doc,240,59,Bridge,Engineering,,,,,
Post-doc,276,59,Bridge,Management,,,,,
Post-doc,287,59,Bridge,Management,,,,,
Faculty,60,60,Bridge,Management,,,,,
Graduate Student,424,60,Bridge,Architecture and Planning,,,,,
Graduate Student,462,60,Bridge,Engineering,,,,,
Graduate Student,499,60,Bridge,Engineering,,,,,
Graduate Student,586,60,Bridge,"Humanities, Arts, and Social Sciences",,,,,
Graduate Student,713,60,Bridge,Management,,,,,
Graduate Student,819,60,Bridge,Science,,,,,
Graduate Student,820,60,Bridge,Science,,,,,
Graduate Student,910,60,Core,Core,,,,,
Graduate Student,943,60,Core,Core,,,,,
Graduate Student,993,60,Core,Core,,,,,
Post-doc,228,60,Bridge,Engineering,,,,,
Post-doc,229,60,Bridge,Engineering,,,,,
Post-doc,263,60,Bridge,"Humanities, Arts, and Social Sciences",,,,,
Post-doc,282,60,Bridge,Management,,,,,
Post-doc,311,60,Bridge,Science,,,,,
Research Staff,111,60,Bridge,Engineering,,,,,
Graduate Student,349,61,Bridge,Architecture and Planning,,,,,
Graduate Student,565,61,Bridge,"Humanities, Arts, and Social Sciences",,,,,
Graduate Student,638,61,Bridge,"Humanities, Arts, and Social Sciences",,,,,
Graduate Student,716,61,Bridge,Management,,,,,
Graduate Student,719,61,Bridge,Management,,,,,
Graduate Student,829,61,Bridge,Science,,,,,
Graduate Student,845,61,Bridge,Science,,,,,
Graduate Student,911,61,Core,Core,,,,,
Graduate Student,934,61,Core,Core,,,,,
Graduate Student,939,61,Core,Core,,,,,
Graduate Student,990,61,Core,Core,,,,,
Post-doc,317,61,Bridge,Science,,,,,
Research Staff,194,61,Core,Core,,,,,
Graduate Student,367,62,Bridge,Architecture and Planning,,,,,
Graduate Student,375,62,Bridge,Architecture and Planning,,,,,
Graduate Student,429,62,Bridge,Architecture and Planning,,,,,
Graduate Student,455,62,Bridge,Engineering,,,,,
Graduate Student,514,62,Bridge,Engineering,,,,,
Graduate Student,787,62,Bridge,Science,,,,,
Graduate Student,842,62,Bridge,Science,,,,,
Graduate Student,966,62,Core,Core,,,,,
Post-doc,243,62,Bridge,Engineering,,,,,
Research Staff,89,62,Bridge,Architecture and Planning,,,,,
Graduate Student,449,63,Bridge,Engineering,,,,,
Graduate Student,548,63,Bridge,Engineering,,,,,
Graduate Student,594,63,Bridge,"Humanities, Arts, and Social Sciences",,,,,
Graduate Student,649,63,Bridge,"Humanities, Arts, and Social Sciences",,,,,
Graduate Student,654,63,Bridge,"Humanities, Arts, and Social Sciences",,,,,
Graduate Student,655,63,Bridge,"Humanities, Arts, and Social Sciences",,,,,
Graduate Student,676,63,Bridge,Management,,,,,
Graduate Student,733,63,Bridge,Management,,,,,
Graduate Student,779,63,Bridge,Science,,,,,
Graduate Student,782,63,Bridge,Science,,,,,
Post-doc,211,63,Bridge,Architecture and Planning,,,,,
Post-doc,214,63,Bridge,Architecture and Planning,,,,,
Post-doc,330,63,Core,Core,,,,,
Research Staff,79,63,Bridge,Architecture and Planning,,,,,
Research Staff,90,63,Bridge,Architecture and Planning,,,,,
Research Staff,133,63,Bridge,"Humanities, Arts, and Social Sciences",,,,,
Research Staff,195,63,Core,Core,,,,,
Research Staff,197,63,Core,Core,,,,,
Faculty,64,64,Bridge,Science,,,,,
Graduate Student,347,64,Bridge,Architecture and Planning,,,,,
Graduate Student,381,64,Bridge,Architecture and Planning,,,,,
Graduate Student,451,64,Bridge,Engineering,,,,,
Graduate Student,543,64,Bridge,Engineering,,,,,
Graduate Student,544,64,Bridge,Engineering,,,,,
Graduate Student,626,64,Bridge,"Humanities, Arts, and Social Sciences",,,,,
Graduate Student,682,64,Bridge,Management,,,,,
Graduate Student,786,64,Bridge,Science,,,,,
Graduate Student,815,64,Bridge,Science,,,,,
Post-doc,204,64,Bridge,Architecture and Planning,,,,,
Post-doc,233,64,Bridge,Engineering,,,,,
Post-doc,323,64,Core,Core,,,,,
Research Staff,107,64,Bridge,Engineering,,,,,
Research Staff,136,64,Bridge,"Humanities, Arts, and Social Sciences",,,,,
Research Staff,144,64,Bridge,Management,,,,,
Research Staff,201,64,Core,Core,,,,,
Faculty,65,65,Bridge,Science,,,,,
Graduate Student,453,65,Bridge,Engineering,,,,,
Graduate Student,557,65,Bridge,"Humanities, Arts, and Social Sciences",,,,,
Graduate Student,621,65,Bridge,"Humanities, Arts, and Social Sciences",,,,,
Graduate Student,648,65,Bridge,"Humanities, Arts, and Social Sciences",,,,,
Graduate Student,863,65,Bridge,Science,,,,,
Graduate Student,869,65,Bridge,Science,,,,,
Post-doc,261,65,Bridge,"Humanities, Arts, and Social Sciences",,,,,
Post-doc,308,65,Bridge,Science,,,,,
Post-doc,325,65,Core,Core,,,,,
Research Staff,85,65,Bridge,Architecture and Planning,,,,,
Faculty,66,66,Bridge,Science,,,,,
Graduate Student,336,66,Bridge,Architecture and Planning,,,,,
Graduate Student,360,66,Bridge,Architecture and Planning,,,,,
Graduate Student,452,66,Bridge,Engineering,,,,,
Graduate Student,460,66,Bridge,Engineering,,,,,
Graduate Student,464,66,Bridge,Engineering,,,,,
Graduate Student,516,66,Bridge,Engineering,,,,,
Graduate Student,597,66,Bridge,"Humanities, Arts, and Social Sciences",,,,,
Graduate Student,681,66,Bridge,Management,,,,,
Graduate Student,706,66,Bridge,Management,,,,,
Graduate Student,727,66,Bridge,Management,,,,,
Graduate Student,750,66,Bridge,Management,,,,,
Graduate Student,941,66,Core,Core,,,,,
Research Staff,78,66,Bridge,Architecture and Planning,,,,,
Research Staff,93,66,Bridge,Engineering,,,,,
Research Staff,104,66,Bridge,Engineering,,,,,
Research Staff,159,66,Bridge,Management,,,,,
Research Staff,192,66,Core,Core,,,,,
Faculty,67,67,Bridge,Science,,,,,
Graduate Student,339,67,Bridge,Architecture and Planning,,,,,
Graduate Student,365,67,Bridge,Architecture and Planning,,,,,
Graduate Student,410,67,Bridge,Architecture and Planning,,,,,
Graduate Student,465,67,Bridge,Engineering,,,,,
Graduate Student,486,67,Bridge,Engineering,,,,,
Graduate Student,650,67,Bridge,"Humanities, Arts, and Social Sciences",,,,,
Graduate Student,714,67,Bridge,Management,,,,,
Graduate Student,746,67,Bridge,Management,,,,,
Graduate Student,841,67,Bridge,Science,,,,,
Graduate Student,927,67,Core,Core,,,,,
Post-doc,212,67,Bridge,Architecture and Planning,,,,,
Post-doc,237,67,Bridge,Engineering,,,,,
Post-doc,242,67,Bridge,Engineering,,,,,
Post-doc,245,67,Bridge,Engineering,,,,,
Post-doc,275,67,Bridge,Management,,,,,
