occupantType,id,researchGroup,bridge,discipline,collaborationType,floor,seat1,seat2,seat3
Faculty,1,1,Core,Core,Group,3,pt1,,
Faculty,35,1,Bridge,Architecture and Planning,Group,3,pt2,,
Graduate Student,357,1,Bridge,Architecture and Planning,Group,3,pt3,,
Graduate Student,496,1,Bridge,Engineering,Group,3,pt4,,
Graduate Student,540,1,Bridge,Engineering,Group,3,pt5,,
Graduate Student,764,1,Bridge,Management,Group,3,pt6,,
Graduate Student,796,1,Bridge,Science,Group,3,pt7,,
Graduate Student,907,1,Core,Core,Group,3,pt8,,
Graduate Student,969,1,Core,Core,Group,3,pt9,,
Post-doc,236,1,Bridge,Engineering,Group,3,pt10,,
Post-doc,279,1,Bridge,Management,Group,3,pt11,,
Post-doc,298,1,Bridge,Science,Group,3,pt12,,
Post-doc,335,1,Core,Core,Group,3,pt13,,
Research Staff,139,1,Bridge,Management,Group,3,pt14,,
Faculty,2,2,Core,Core,Solitary,3,pt15,,
Faculty,3,2,Core,Core,Huddle,3,pt16,,
Faculty,62,2,Bridge,Science,Solitary,3,pt17,,
Graduate Student,477,2,Bridge,Engineering,Solitary,3,pt18,,
Graduate Student,776,2,Bridge,Science,Huddle,3,pt19,,
Graduate Student,778,2,Bridge,Science,Huddle,3,pt20,,
Graduate Student,828,2,Bridge,Science,Huddle,3,pt21,,
Graduate Student,864,2,Bridge,Science,Solitary,3,pt22,,
Graduate Student,945,2,Core,Core,Solitary,3,pt23,,
Post-doc,258,2,Bridge,"Humanities, Arts, and Social Sciences",Solitary,3,pt24,,
Post-doc,266,2,Bridge,"Humanities, Arts, and Social Sciences",Solitary,3,pt25,,
Post-doc,273,2,Bridge,Management,Huddle,3,pt26,,
Post-doc,294,2,Bridge,Management,Huddle,3,pt27,,
Research Staff,176,2,Bridge,Science,Huddle,3,pt28,,
Research Staff,177,2,Bridge,Science,Huddle,3,pt29,,
Faculty,55,3,Bridge,Management,Group,3,pt30,,
Faculty,61,3,Bridge,Science,Huddle,3,pt31,,
Graduate Student,340,3,Bridge,Architecture and Planning,Group,3,pt32,,
Graduate Student,384,3,Bridge,Architecture and Planning,Group,3,pt33,,
Graduate Student,409,3,Bridge,Architecture and Planning,Group,3,pt34,,
Graduate Student,432,3,Bridge,Architecture and Planning,Group,3,pt35,,
Graduate Student,454,3,Bridge,Engineering,Solitary,3,pt36,,
Graduate Student,503,3,Bridge,Engineering,Solitary,3,pt37,,
Graduate Student,507,3,Bridge,Engineering,Solitary,3,pt38,,
Graduate Student,641,3,Bridge,"Humanities, Arts, and Social Sciences",Solitary,3,pt39,,
Graduate Student,643,3,Bridge,"Humanities, Arts, and Social Sciences",Solitary,3,pt40,,
Graduate Student,683,3,Bridge,Management,Solitary,3,pt41,,
Graduate Student,811,3,Bridge,Science,Huddle,3,pt42,,
Graduate Student,823,3,Bridge,Science,Huddle,3,pt43,,
Graduate Student,850,3,Bridge,Science,Huddle,3,pt44,,
Graduate Student,861,3,Bridge,Science,Huddle,3,pt45,,
Graduate Student,914,3,Core,Core,Solitary,3,pt46,,
Post-doc,221,3,Bridge,Architecture and Planning,Solitary,3,pt47,,
Faculty,4,4,Core,Core,Solitary,3,pt48,,
Graduate Student,390,4,Bridge,Architecture and Planning,Solitary,3,pt49,,
Graduate Student,479,4,Bridge,Engineering,Solitary,3,pt50,,
Graduate Student,520,4,Bridge,Engineering,Solitary,3,pt51,,
Graduate Student,675,4,Bridge,Management,Solitary,3,pt52,,
Graduate Student,680,4,Bridge,Management,Solitary,3,pt53,,
Graduate Student,816,4,Bridge,Science,Solitary,3,pt54,,
Graduate Student,912,4,Core,Core,Solitary,3,pt55,,
Research Staff,73,4,Bridge,Architecture and Planning,Solitary,3,pt56,,
Research Staff,100,4,Bridge,Engineering,Solitary,3,pt57,,
Faculty,5,5,Core,Core,Huddle,3,pt58,,
Graduate Student,377,5,Bridge,Architecture and Planning,Huddle,3,pt59,,
Graduate Student,504,5,Bridge,Engineering,Huddle,3,pt60,,
Graduate Student,670,5,Bridge,Management,Huddle,3,pt61,,
Graduate Student,712,5,Bridge,Management,Huddle,3,pt62,,
Graduate Student,740,5,Bridge,Management,Huddle,3,pt63,,
Graduate Student,886,5,Core,Core,Solitary,3,pt64,,
Graduate Student,921,5,Core,Core,Solitary,3,pt65,,
Graduate Student,923,5,Core,Core,Huddle,3,pt66,,
Graduate Student,931,5,Core,Core,Huddle,3,pt67,,
Post-doc,267,5,Bridge,"Humanities, Arts, and Social Sciences",Huddle,3,pt68,,
Research Staff,74,5,Bridge,Architecture and Planning,Group,3,pt69,,
Research Staff,145,5,Bridge,Management,Group,3,pt70,,
Research Staff,174,5,Bridge,Science,Group,3,pt71,,
Faculty,6,6,Core,Core,Group,3,pt72,,
Graduate Student,474,6,Bridge,Engineering,Group,3,pt73,,
Graduate Student,524,6,Bridge,Engineering,Group,3,pt74,,
Graduate Student,742,6,Bridge,Management,Group,3,pt75,,
Graduate Student,784,6,Bridge,Science,Group,3,pt76,,
Graduate Student,895,6,Core,Core,Group,3,pt77,,
Graduate Student,978,6,Core,Core,Huddle,3,pt78,,
Post-doc,307,6,Bridge,Science,Huddle,3,pt79,,
Post-doc,312,6,Bridge,Science,Huddle,3,pt80,,
Research Staff,101,6,Bridge,Engineering,Solitary,3,pt81,,
Faculty,7,7,Core,Core,Huddle,3,pt82,,
Graduate Student,461,7,Bridge,Engineering,Huddle,3,pt83,,
Graduate Student,599,7,Bridge,"Humanities, Arts, and Social Sciences",Huddle,3,pt84,,
Graduate Student,667,7,Bridge,Management,Huddle,3,pt85,,
Graduate Student,744,7,Bridge,Management,Huddle,3,pt86,,
Graduate Student,745,7,Bridge,Management,Huddle,3,pt87,,
Graduate Student,747,7,Bridge,Management,Huddle,3,pt88,,
Graduate Student,758,7,Bridge,Management,Huddle,3,pt89,,
Graduate Student,846,7,Bridge,Science,Solitary,3,pt90,,
Graduate Student,873,7,Bridge,Science,Solitary,3,pt91,,
Graduate Student,877,7,Bridge,Science,Solitary,3,pt92,,
Post-doc,225,7,Bridge,Architecture and Planning,Solitary,3,pt93,,
Post-doc,226,7,Bridge,Engineering,Solitary,3,pt94,,
Post-doc,291,7,Bridge,Management,Group,3,pt95,,
Research Staff,86,7,Bridge,Architecture and Planning,Group,3,pt96,,
Research Staff,114,7,Bridge,Engineering,Group,3,pt97,,
Research Staff,115,7,Bridge,"Humanities, Arts, and Social Sciences",Group,3,pt98,,
Faculty,8,8,Core,Core,Group,3,pt99,,
Faculty,41,8,Bridge,Engineering,Solitary,3,pt100,,
Graduate Student,350,8,Bridge,Architecture and Planning,Solitary,3,pt101,,
Graduate Student,364,8,Bridge,Architecture and Planning,Solitary,3,pt102,,
Graduate Student,576,8,Bridge,"Humanities, Arts, and Social Sciences",Solitary,3,pt103,,
Graduate Student,598,8,Bridge,"Humanities, Arts, and Social Sciences",Solitary,3,pt104,,
Graduate Student,653,8,Bridge,"Humanities, Arts, and Social Sciences",Solitary,3,pt105,,
Graduate Student,699,8,Bridge,Management,Solitary,3,pt106,,
Graduate Student,761,8,Bridge,Management,Huddle,3,pt107,,
Graduate Student,932,8,Core,Core,Huddle,3,pt108,,
Graduate Student,984,8,Core,Core,Huddle,3,pt109,,
Post-doc,209,8,Bridge,Architecture and Planning,Huddle,3,pt110,,
Post-doc,217,8,Bridge,Architecture and Planning,Huddle,3,pt111,,
Post-doc,314,8,Bridge,Science,Huddle,3,pt112,,
Research Staff,80,8,Bridge,Architecture and Planning,Huddle,3,pt113,,
Research Staff,183,8,Bridge,Science,Huddle,3,pt114,,
Research Staff,190,8,Core,Core,Huddle,3,pt115,,
Faculty,9,9,Core,Core,Group,4,pt1,,
Faculty,10,9,Core,Core,Group,4,pt2,,
Faculty,11,9,Core,Core,Group,4,pt3,,
Graduate Student,366,9,Bridge,Architecture and Planning,Group,4,pt4,,
Graduate Student,408,9,Bridge,Architecture and Planning,Group,4,pt5,,
Graduate Student,542,9,Bridge,Engineering,Group,4,pt6,,
Graduate Student,610,9,Bridge,"Humanities, Arts, and Social Sciences",Group,4,pt7,,
Graduate Student,622,9,Bridge,"Humanities, Arts, and Social Sciences",Group,4,pt8,,
Graduate Student,625,9,Bridge,"Humanities, Arts, and Social Sciences",Group,4,pt9,,
Graduate Student,634,9,Bridge,"Humanities, Arts, and Social Sciences",Group,4,pt10,,
Graduate Student,652,9,Bridge,"Humanities, Arts, and Social Sciences",Group,4,pt11,,
Graduate Student,718,9,Bridge,Management,Group,4,pt12,,
Graduate Student,926,9,Core,Core,Group,4,pt13,,
Graduate Student,971,9,Core,Core,Group,4,pt14,,
Post-doc,253,9,Bridge,"Humanities, Arts, and Social Sciences",Group,4,pt15,,
Post-doc,334,9,Core,Core,Group,4,pt16,,
Research Staff,76,9,Bridge,Architecture and Planning,Group,4,pt17,,
Research Staff,164,9,Bridge,Science,Group,4,pt18,,
Faculty,42,10,Bridge,Engineering,Solitary,4,pt19,,
Faculty,49,10,Bridge,"Humanities, Arts, and Social Sciences",Group,4,pt20,,
Graduate Student,344,10,Bridge,Architecture and Planning,Group,4,pt21,,
Graduate Student,437,10,Bridge,Architecture and Planning,Group,4,pt22,,
Graduate Student,470,10,Bridge,Engineering,Group,4,pt23,,
Graduate Student,567,10,Bridge,"Humanities, Arts, and Social Sciences",Group,4,pt24,,
Graduate Student,644,10,Bridge,"Humanities, Arts, and Social Sciences",Solitary,4,pt25,,
Graduate Student,798,10,Bridge,Science,Solitary,4,pt26,,
Graduate Student,812,10,Bridge,Science,Solitary,4,pt27,,
Graduate Student,818,10,Bridge,Science,Solitary,4,pt28,,
Graduate Student,876,10,Bridge,Science,Solitary,4,pt29,,
Graduate Student,949,10,Core,Core,Solitary,4,pt30,,
Graduate Student,952,10,Core,Core,Solitary,4,pt31,,
Graduate Student,991,10,Core,Core,Huddle,4,pt32,,
Post-doc,208,10,Bridge,Architecture and Planning,Huddle,4,pt33,,
Post-doc,216,10,Bridge,Architecture and Planning,Group,4,pt34,,
Post-doc,332,10,Core,Core,Group,4,pt35,,
Research Staff,150,10,Bridge,Management,Group,4,pt36,,
Graduate Student,407,11,Bridge,Architecture and Planning,Huddle,4,pt37,,
Graduate Student,458,11,Bridge,Engineering,Huddle,4,pt38,,
Graduate Student,473,11,Bridge,Engineering,Huddle,4,pt39,,
Graduate Student,635,11,Bridge,"Humanities, Arts, and Social Sciences",Solitary,4,pt40,,
Graduate Student,651,11,Bridge,"Humanities, Arts, and Social Sciences",Huddle,4,pt41,,
Graduate Student,734,11,Bridge,Management,Huddle,4,pt42,,
Graduate Student,757,11,Bridge,Management,Solitary,4,pt43,,
Graduate Student,894,11,Core,Core,Solitary,4,pt44,,
Post-doc,207,11,Bridge,Architecture and Planning,Solitary,4,pt45,,
Post-doc,300,11,Bridge,Science,Solitary,4,pt46,,
Post-doc,301,11,Bridge,Science,Solitary,4,pt47,,
Research Staff,106,11,Bridge,Engineering,Solitary,4,pt48,,
Faculty,12,12,Core,Core,Solitary,4,pt49,,
Graduate Student,435,12,Bridge,Architecture and Planning,Solitary,4,pt50,,
Graduate Student,523,12,Bridge,Engineering,Solitary,4,pt51,,
Graduate Student,585,12,Bridge,"Humanities, Arts, and Social Sciences",Solitary,4,pt52,,
Graduate Student,618,12,Bridge,"Humanities, Arts, and Social Sciences",Solitary,4,pt53,,
Graduate Student,631,12,Bridge,"Humanities, Arts, and Social Sciences",Solitary,4,pt54,,
Graduate Student,705,12,Bridge,Management,Solitary,4,pt55,,
Graduate Student,790,12,Bridge,Science,Group,4,pt56,,
Graduate Student,792,12,Bridge,Science,Group,4,pt57,,
Graduate Student,887,12,Core,Core,Group,4,pt58,,
Post-doc,219,12,Bridge,Architecture and Planning,Huddle,4,pt59,,
Post-doc,328,12,Core,Core,Huddle,4,pt60,,
Research Staff,129,12,Bridge,"Humanities, Arts, and Social Sciences",Huddle,4,pt61,,
Faculty,13,13,Core,Core,Solitary,4,pt62,,
Graduate Student,419,13,Bridge,Architecture and Planning,Huddle,4,pt63,,
Graduate Student,445,13,Bridge,Architecture and Planning,Huddle,4,pt64,,
Graduate Student,472,13,Bridge,Engineering,Solitary,4,pt65,,
Graduate Student,521,13,Bridge,Engineering,Solitary,4,pt66,,
Graduate Student,538,13,Bridge,Engineering,Solitary,4,pt67,,
Graduate Student,608,13,Bridge,"Humanities, Arts, and Social Sciences",Solitary,4,pt68,,
Graduate Student,660,13,Bridge,"Humanities, Arts, and Social Sciences",Solitary,4,pt69,,
Graduate Student,708,13,Bridge,Management,Solitary,4,pt70,,
Graduate Student,762,13,Bridge,Management,Solitary,4,pt71,,
Graduate Student,858,13,Bridge,Science,Solitary,4,pt72,,
Graduate Student,859,13,Bridge,Science,Solitary,4,pt73,,
Graduate Student,866,13,Bridge,Science,Huddle,4,pt74,,
Post-doc,327,13,Core,Core,Huddle,4,pt75,,
Research Staff,125,13,Bridge,"Humanities, Arts, and Social Sciences",Huddle,4,pt76,,
Research Staff,151,13,Bridge,Management,Huddle,4,pt77,,
Faculty,14,14,Core,Core,Huddle,4,pt78,,
Graduate Student,369,14,Bridge,Architecture and Planning,Huddle,4,pt79,,
Graduate Student,393,14,Bridge,Architecture and Planning,Huddle,4,pt80,,
Graduate Student,427,14,Bridge,Architecture and Planning,Huddle,4,pt81,,
Graduate Student,498,14,Bridge,Engineering,Huddle,4,pt82,,
Graduate Student,568,14,Bridge,"Humanities, Arts, and Social Sciences",Huddle,4,pt83,,
Graduate Student,572,14,Bridge,"Humanities, Arts, and Social Sciences",Huddle,4,pt84,,
Graduate Student,600,14,Bridge,"Humanities, Arts, and Social Sciences",Huddle,4,pt85,,
Graduate Student,616,14,Bridge,"Humanities, Arts, and Social Sciences",Huddle,4,pt86,,
Graduate Student,724,14,Bridge,Management,Solitary,4,pt87,,
Graduate Student,725,14,Bridge,Management,Solitary,4,pt88,,
Graduate Student,862,14,Bridge,Science,Solitary,4,pt89,,
Graduate Student,867,14,Bridge,Science,Solitary,4,pt90,,
Graduate Student,937,14,Core,Core,Solitary,4,pt91,,
Post-doc,203,14,Bridge,Architecture and Planning,Solitary,4,pt92,,
Research Staff,102,14,Bridge,Engineering,Solitary,4,pt93,,
Research Staff,122,14,Bridge,"Humanities, Arts, and Social Sciences",Solitary,4,pt94,,
Faculty,15,15,Core,Core,Group,4,pt95,,
Faculty,16,15,Core,Core,Group,4,pt96,,
Graduate Student,358,15,Bridge,Architecture and Planning,Group,4,pt97,,
Graduate Student,398,15,Bridge,Architecture and Planning,Group,4,pt98,,
Graduate Student,403,15,Bridge,Architecture and Planning,Group,4,pt99,,
Graduate Student,416,15,Bridge,Architecture and Planning,Group,4,pt100,,
Graduate Student,657,15,Bridge,"Humanities, Arts, and Social Sciences",Group,4,pt101,,
Graduate Student,728,15,Bridge,Management,Group,4,pt102,,
Graduate Student,874,15,Bridge,Science,Group,4,pt103,,
Graduate Student,883,15,Bridge,Science,Solitary,4,pt104,,
Graduate Student,896,15,Core,Core,Solitary,4,pt105,,
Graduate Student,946,15,Core,Core,Solitary,4,pt106,,
Graduate Student,951,15,Core,Core,Solitary,4,pt107,,
Post-doc,246,15,Bridge,Engineering,Solitary,4,pt108,,
Post-doc,269,15,Bridge,"Humanities, Arts, and Social Sciences",Solitary,4,pt109,,
Research Staff,168,15,Bridge,Science,Solitary,4,pt110,,
Graduate Student,386,16,Bridge,Architecture and Planning,Solitary,4,pt111,,
Graduate Student,387,16,Bridge,Architecture and Planning,Solitary,4,pt112,,
Graduate Student,415,16,Bridge,Architecture and Planning,Group,4,pt113,,
Graduate Student,418,16,Bridge,Architecture and Planning,Group,4,pt114,,
Graduate Student,554,16,Bridge,Engineering,Group,4,pt115,,
Graduate Student,584,16,Bridge,"Humanities, Arts, and Social Sciences",Group,4,pt116,,
Graduate Student,624,16,Bridge,"Humanities, Arts, and Social Sciences",Group,4,pt117,,
Graduate Student,693,16,Bridge,Management,Group,4,pt118,,
Graduate Student,721,16,Bridge,Management,Group,4,pt119,,
Graduate Student,826,16,Bridge,Science,Huddle,4,pt120,,
Graduate Student,944,16,Core,Core,Huddle,4,pt121,,
Graduate Student,967,16,Core,Core,Huddle,4,pt122,,
Post-doc,220,16,Bridge,Architecture and Planning,Huddle,4,pt123,,
Post-doc,260,16,Bridge,"Humanities, Arts, and Social Sciences",Huddle,4,pt124,,
Post-doc,288,16,Bridge,Management,Huddle,4,pt125,,
Research Staff,68,16,Bridge,Architecture and Planning,Huddle,4,pt126,,
Research Staff,143,16,Bridge,Management,Solitary,4,pt127,,
Research Staff,155,16,Bridge,Management,Solitary,4,pt128,,
Research Staff,179,16,Bridge,Science,Solitary,4,pt129,,
Faculty,17,17,Core,Core,Solitary,4,pt130,,
Graduate Student,443,17,Bridge,Architecture and Planning,Solitary,4,pt131,,
Graduate Student,632,17,Bridge,"Humanities, Arts, and Social Sciences",Solitary,4,pt132,,
Graduate Student,640,17,Bridge,"Humanities, Arts, and Social Sciences",Solitary,4,pt133,,
Graduate Student,679,17,Bridge,Management,Solitary,4,pt134,,
Graduate Student,794,17,Bridge,Science,Solitary,4,pt135,,
Graduate Student,897,17,Core,Core,Solitary,4,pt136,,
Graduate Student,909,17,Core,Core,Solitary,4,pt137,,
Graduate Student,924,17,Core,Core,Solitary,4,pt138,,
Post-doc,295,17,Bridge,Science,Solitary,4,pt139,,
Research Staff,135,17,Bridge,"Humanities, Arts, and Social Sciences",Solitary,4,pt140,,
Research Staff,137,17,Bridge,"Humanities, Arts, and Social Sciences",Solitary,4,pt141,,
Faculty,18,18,Core,Core,Group,5,pt1,,
Graduate Student,420,18,Bridge,Architecture and Planning,Group,5,pt2,,
Graduate Student,562,18,Bridge,"Humanities, Arts, and Social Sciences",Group,5,pt3,,
Graduate Student,623,18,Bridge,"Humanities, Arts, and Social Sciences",Group,5,pt4,,
Graduate Student,658,18,Bridge,"Humanities, Arts, and Social Sciences",Group,5,pt5,,
Graduate Student,678,18,Bridge,Management,Group,5,pt6,,
Graduate Student,686,18,Bridge,Management,Group,5,pt7,,
Graduate Student,755,18,Bridge,Management,Group,5,pt8,,
Graduate Student,839,18,Bridge,Science,Group,5,pt9,,
Graduate Student,880,18,Bridge,Science,Group,5,pt10,,
Graduate Student,957,18,Core,Core,Group,5,pt11,,
Post-doc,234,18,Bridge,Engineering,Group,5,pt12,,
Post-doc,272,18,Bridge,Management,Group,5,pt13,,
Post-doc,281,18,Bridge,Management,Group,5,pt14,,
Post-doc,313,18,Bridge,Science,Group,5,pt15,,
Faculty,19,19,Core,Core,Huddle,5,pt16,,
Graduate Student,397,19,Bridge,Architecture and Planning,Huddle,5,pt17,,
Graduate Student,518,19,Bridge,Engineering,Huddle,5,pt18,,
Graduate Student,549,19,Bridge,Engineering,Huddle,5,pt19,,
Graduate Student,684,19,Bridge,Management,Huddle,5,pt20,,
Graduate Student,774,19,Bridge,Management,Huddle,5,pt21,,
Graduate Student,775,19,Bridge,Management,Huddle,5,pt22,,
Graduate Student,942,19,Core,Core,Huddle,5,pt23,,
Graduate Student,965,19,Core,Core,Huddle,5,pt24,,
Post-doc,227,19,Bridge,Engineering,Huddle,5,pt25,,
Post-doc,264,19,Bridge,"Humanities, Arts, and Social Sciences",Huddle,5,pt26,,
Post-doc,309,19,Bridge,Science,Huddle,5,pt27,,
Post-doc,320,19,Core,Core,Huddle,5,pt28,,
Research Staff,103,19,Bridge,Engineering,Huddle,5,pt29,,
Research Staff,175,19,Bridge,Science,Huddle,5,pt30,,
Research Staff,189,19,Core,Core,Huddle,5,pt31,,
Faculty,20,20,Core,Core,Solitary,5,pt32,,
Faculty,36,20,Bridge,Architecture and Planning,Solitary,5,pt33,,
Faculty,63,20,Bridge,Science,Solitary,5,pt34,,
Graduate Student,388,20,Bridge,Architecture and Planning,Solitary,5,pt35,,
Graduate Student,441,20,Bridge,Architecture and Planning,Solitary,5,pt36,,
Graduate Student,484,20,Bridge,Engineering,Huddle,5,pt37,,
Graduate Student,528,20,Bridge,Engineering,Huddle,5,pt38,,
Graduate Student,539,20,Bridge,Engineering,Solitary,5,pt39,,
Graduate Student,587,20,Bridge,"Humanities, Arts, and Social Sciences",Solitary,5,pt40,,
Graduate Student,656,20,Bridge,"Humanities, Arts, and Social Sciences",Solitary,5,pt41,,
Graduate Student,773,20,Bridge,Management,Solitary,5,pt42,,
Graduate Student,849,20,Bridge,Science,Huddle,5,pt43,,
Graduate Student,908,20,Core,Core,Huddle,5,pt44,,
Graduate Student,938,20,Core,Core,Huddle,5,pt45,,
Research Staff,94,20,Bridge,Engineering,Huddle,5,pt46,,
Research Staff,170,20,Bridge,Science,Huddle,5,pt47,,
Faculty,21,21,Core,Core,Huddle,5,pt48,,
Graduate Student,354,21,Bridge,Architecture and Planning,Huddle,5,pt49,,
Graduate Student,385,21,Bridge,Architecture and Planning,Solitary,5,pt50,,
Graduate Student,532,21,Bridge,Engineering,Solitary,5,pt51,,
Graduate Student,537,21,Bridge,Engineering,Solitary,5,pt52,,
Graduate Student,555,21,Bridge,Engineering,Solitary,5,pt53,,
Graduate Student,569,21,Bridge,"Humanities, Arts, and Social Sciences",Solitary,5,pt54,,
Graduate Student,836,21,Bridge,Science,Huddle,5,pt55,,
Graduate Student,840,21,Bridge,Science,Huddle,5,pt56,,
Graduate Student,961,21,Core,Core,Group,5,pt57,,
Graduate Student,963,21,Core,Core,Solitary,5,pt58,,
Post-doc,268,21,Bridge,"Humanities, Arts, and Social Sciences",Group,5,pt59,,
Post-doc,303,21,Bridge,Science,Group,5,pt60,,
Post-doc,316,21,Bridge,Science,Group,5,pt61,,
Post-doc,333,21,Core,Core,Group,5,pt62,,
Faculty,22,22,Core,Core,Solitary,5,pt63,,
Faculty,23,22,Core,Core,Huddle,5,pt64,,
Graduate Student,341,22,Bridge,Architecture and Planning,Huddle,5,pt65,,
Graduate Student,580,22,Bridge,"Humanities, Arts, and Social Sciences",Huddle,5,pt66,,
Graduate Student,592,22,Bridge,"Humanities, Arts, and Social Sciences",Group,5,pt67,,
Graduate Student,602,22,Bridge,"Humanities, Arts, and Social Sciences",Group,5,pt68,,
Graduate Student,604,22,Bridge,"Humanities, Arts, and Social Sciences",Group,5,pt69,,
Graduate Student,620,22,Bridge,"Humanities, Arts, and Social Sciences",Group,5,pt70,,
Graduate Student,689,22,Bridge,Management,Group,5,pt71,,
Graduate Student,691,22,Bridge,Management,Group,5,pt72,,
Graduate Student,754,22,Bridge,Management,Group,5,pt73,,
Graduate Student,807,22,Bridge,Science,Huddle,5,pt74,,
Graduate Student,848,22,Bridge,Science,Huddle,5,pt75,,
Graduate Student,857,22,Bridge,Science,Huddle,5,pt76,,
Graduate Student,988,22,Core,Core,Solitary,5,pt77,,
Graduate Student,989,22,Core,Core,Solitary,5,pt78,,
Post-doc,318,22,Core,Core,Solitary,5,pt79,,
Graduate Student,552,23,Bridge,Engineering,Solitary,5,pt80,,
Graduate Student,639,23,Bridge,"Humanities, Arts, and Social Sciences",Huddle,5,pt81,,
Graduate Student,703,23,Bridge,Management,Huddle,5,pt82,,
Graduate Student,748,23,Bridge,Management,Group,5,pt83,,
Graduate Student,983,23,Core,Core,Group,5,pt84,,
Post-doc,252,23,Bridge,"Humanities, Arts, and Social Sciences",Group,5,pt85,,
Research Staff,87,23,Bridge,Architecture and Planning,Group,5,pt86,,
Research Staff,128,23,Bridge,"Humanities, Arts, and Social Sciences",Group,5,pt87,,
Research Staff,199,23,Core,Core,Solitary,5,pt88,,
Faculty,24,24,Core,Core,Solitary,5,pt89,,
Faculty,50,24,Bridge,"Humanities, Arts, and Social Sciences",Solitary,5,pt90,,
Graduate Student,394,24,Bridge,Architecture and Planning,Solitary,5,pt91,,
Graduate Student,444,24,Bridge,Architecture and Planning,Solitary,5,pt92,,
Graduate Student,483,24,Bridge,Engineering,Solitary,5,pt93,,
Graduate Student,485,24,Bridge,Engineering,Solitary,5,pt94,,
Graduate Student,519,24,Bridge,Engineering,Solitary,5,pt95,,
Graduate Student,593,24,Bridge,"Humanities, Arts, and Social Sciences",Solitary,5,pt96,,
Graduate Student,832,24,Bridge,Science,Solitary,5,pt97,,
Post-doc,292,24,Bridge,Management,Solitary,5,pt98,,
Post-doc,306,24,Bridge,Science,Solitary,5,pt99,,
Research Staff,119,24,Bridge,"Humanities, Arts, and Social Sciences",Solitary,5,pt100,,
Research Staff,153,24,Bridge,Management,Solitary,5,pt101,,
Research Staff,196,24,Core,Core,Solitary,5,pt102,,
Faculty,25,25,Core,Core,Huddle,5,pt103,,
Graduate Student,611,25,Bridge,"Humanities, Arts, and Social Sciences",Huddle,5,pt104,,
Graduate Student,685,25,Bridge,Management,Huddle,5,pt105,,
Graduate Student,687,25,Bridge,Management,Huddle,5,pt106,,
Graduate Student,711,25,Bridge,Management,Solitary,5,pt107,,
Graduate Student,903,25,Core,Core,Solitary,5,pt108,,
Graduate Student,973,25,Core,Core,Solitary,5,pt109,,
Graduate Student,996,25,Core,Core,Solitary,5,pt110,,
Post-doc,293,25,Bridge,Management,Solitary,5,pt111,,
Research Staff,91,25,Bridge,Architecture and Planning,Solitary,5,pt112,,
Research Staff,116,25,Bridge,"Humanities, Arts, and Social Sciences",Solitary,5,pt113,,
Research Staff,180,25,Bridge,Science,Solitary,5,pt114,,
Research Staff,193,25,Core,Core,Huddle,5,pt115,,
Faculty,26,26,Core,Core,Huddle,5,pt116,,
Graduate Student,395,26,Bridge,Architecture and Planning,Huddle,5,pt117,,
Graduate Student,423,26,Bridge,Architecture and Planning,Huddle,5,pt118,,
Graduate Student,513,26,Bridge,Engineering,Huddle,5,pt119,,
Graduate Student,525,26,Bridge,Engineering,Huddle,5,pt120,,
Graduate Student,551,26,Bridge,Engineering,Huddle,5,pt121,,
Graduate Student,642,26,Bridge,"Humanities, Arts, and Social Sciences",Group,5,pt122,,
Graduate Student,646,26,Bridge,"Humanities, Arts, and Social Sciences",Group,5,pt123,,
Graduate Student,749,26,Bridge,Management,Group,5,pt124,,
Graduate Student,770,26,Bridge,Management,Group,5,pt125,,
Graduate Student,781,26,Bridge,Science,Solitary,5,pt126,,
Graduate Student,804,26,Bridge,Science,Solitary,5,pt127,,
Graduate Student,824,26,Bridge,Science,Group,5,pt128,,
Graduate Student,900,26,Core,Core,Group,5,pt129,,
Graduate Student,928,26,Core,Core,Group,5,pt130,,
Graduate Student,970,26,Core,Core,Group,5,pt131,,
Graduate Student,975,26,Core,Core,Group,5,pt132,,
Graduate Student,982,26,Core,Core,Solitary,5,pt133,,
Post-doc,231,26,Bridge,Engineering,Solitary,5,pt134,,
Post-doc,256,26,Bridge,"Humanities, Arts, and Social Sciences",Solitary,5,pt135,,
Post-doc,290,26,Bridge,Management,Huddle,5,pt136,,
Research Staff,99,26,Bridge,Engineering,Huddle,5,pt137,,
Research Staff,123,26,Bridge,"Humanities, Arts, and Social Sciences",Huddle,5,pt138,,
Research Staff,165,26,Bridge,Science,Huddle,5,pt139,,
Faculty,27,27,Core,Core,Group,6,pt1,,
Faculty,56,27,Bridge,Management,Group,6,pt2,,
Graduate Student,422,27,Bridge,Architecture and Planning,Group,6,pt3,,
Graduate Student,468,27,Bridge,Engineering,Group,6,pt4,,
Graduate Student,494,27,Bridge,Engineering,Group,6,pt5,,
Graduate Student,550,27,Bridge,Engineering,Group,6,pt6,,
Graduate Student,805,27,Bridge,Science,Group,6,pt7,,
Graduate Student,884,27,Bridge,Science,Group,6,pt8,,
Graduate Student,890,27,Core,Core,Group,6,pt9,,
Graduate Student,906,27,Core,Core,Group,6,pt10,,
Graduate Student,917,27,Core,Core,Group,6,pt11,,
Graduate Student,987,27,Core,Core,Group,6,pt12,,
Post-doc,218,27,Bridge,Architecture and Planning,Group,6,pt13,,
Research Staff,112,27,Bridge,Engineering,Group,6,pt14,,
Faculty,28,28,Core,Core,Solitary,6,pt15,,
Graduate Student,370,28,Bridge,Architecture and Planning,Solitary,6,pt16,,
Graduate Student,391,28,Bridge,Architecture and Planning,Solitary,6,pt17,,
Graduate Student,505,28,Bridge,Engineering,Solitary,6,pt18,,
Graduate Student,607,28,Bridge,"Humanities, Arts, and Social Sciences",Huddle,6,pt19,,
Graduate Student,647,28,Bridge,"Humanities, Arts, and Social Sciences",Huddle,6,pt20,,
Graduate Student,677,28,Bridge,Management,Huddle,6,pt21,,
Graduate Student,688,28,Bridge,Management,Huddle,6,pt22,,
Graduate Student,730,28,Bridge,Management,Huddle,6,pt23,,
Graduate Student,777,28,Bridge,Science,Huddle,6,pt24,,
Post-doc,265,28,Bridge,"Humanities, Arts, and Social Sciences",Huddle,6,pt25,,
Post-doc,289,28,Bridge,Management,Group,6,pt26,,
Research Staff,185,28,Core,Core,Group,6,pt27,,
Faculty,29,29,Core,Core,Group,6,pt28,,
Graduate Student,352,29,Bridge,Architecture and Planning,Group,6,pt29,,
Graduate Student,588,29,Bridge,"Humanities, Arts, and Social Sciences",Solitary,6,pt30,,
Graduate Student,605,29,Bridge,"Humanities, Arts, and Social Sciences",Solitary,6,pt31,,
Graduate Student,613,29,Bridge,"Humanities, Arts, and Social Sciences",Group,6,pt32,,
Graduate Student,614,29,Bridge,"Humanities, Arts, and Social Sciences",Group,6,pt33,,
Graduate Student,879,29,Bridge,Science,Group,6,pt34,,
Research Staff,191,29,Core,Core,Group,6,pt35,,
Faculty,30,30,Core,Core,Group,6,pt36,,
Graduate Student,425,30,Bridge,Architecture and Planning,Solitary,6,pt37,,
Graduate Student,533,30,Bridge,Engineering,Solitary,6,pt38,,
Graduate Student,536,30,Bridge,Engineering,Solitary,6,pt39,,
Graduate Student,606,30,Bridge,"Humanities, Arts, and Social Sciences",Huddle,6,pt40,,
Graduate Student,701,30,Bridge,Management,Huddle,6,pt41,,
Graduate Student,769,30,Bridge,Management,Huddle,6,pt42,,
Graduate Student,800,30,Bridge,Science,Huddle,6,pt43,,
Graduate Student,835,30,Bridge,Science,Solitary,6,pt44,,
Graduate Student,853,30,Bridge,Science,Solitary,6,pt45,,
Graduate Student,854,30,Bridge,Science,Solitary,6,pt46,,
Graduate Student,860,30,Bridge,Science,Solitary,6,pt47,,
Post-doc,210,30,Bridge,Architecture and Planning,Huddle,6,pt48,,
Post-doc,235,30,Bridge,Engineering,Huddle,6,pt49,,
Post-doc,257,30,Bridge,"Humanities, Arts, and Social Sciences",Huddle,6,pt50,,
Post-doc,302,30,Bridge,Science,Huddle,6,pt51,,
Research Staff,110,30,Bridge,Engineering,Huddle,6,pt52,,
Research Staff,120,30,Bridge,"Humanities, Arts, and Social Sciences",Huddle,6,pt53,,
Research Staff,166,30,Bridge,Science,Huddle,6,pt54,,
Faculty,31,31,Core,Core,Group,6,pt55,,
Graduate Student,766,31,Bridge,Management,Group,6,pt56,,
Graduate Student,844,31,Bridge,Science,Group,6,pt57,,
Graduate Student,865,31,Bridge,Science,Group,6,pt58,,
Graduate Student,868,31,Bridge,Science,Solitary,6,pt59,,
Graduate Student,977,31,Core,Core,Solitary,6,pt60,,
Research Staff,97,31,Bridge,Engineering,Group,6,pt61,,
Research Staff,184,31,Core,Core,Group,6,pt62,,
Research Staff,200,31,Core,Core,Group,6,pt63,,
Faculty,32,32,Core,Core,Group,6,pt64,,
Graduate Student,342,32,Bridge,Architecture and Planning,Group,6,pt65,,
Graduate Student,374,32,Bridge,Architecture and Planning,Solitary,6,pt66,,
Graduate Student,545,32,Bridge,Engineering,Solitary,6,pt67,,
Graduate Student,637,32,Bridge,"Humanities, Arts, and Social Sciences",Solitary,6,pt68,,
Graduate Student,697,32,Bridge,Management,Huddle,6,pt69,,
Graduate Student,759,32,Bridge,Management,Huddle,6,pt70,,
Graduate Student,929,32,Core,Core,Huddle,6,pt71,,
Graduate Student,935,32,Core,Core,Huddle,6,pt72,,
Graduate Student,950,32,Core,Core,Solitary,6,pt73,,
Post-doc,254,32,Bridge,"Humanities, Arts, and Social Sciences",Solitary,6,pt74,,
Post-doc,270,32,Bridge,"Humanities, Arts, and Social Sciences",Solitary,6,pt75,,
Research Staff,138,32,Bridge,Management,Solitary,6,pt76,,
Research Staff,154,32,Bridge,Management,Huddle,6,pt77,,
Research Staff,163,32,Bridge,Science,Huddle,6,pt78,,
Faculty,33,33,Core,Core,Huddle,6,pt79,,
Graduate Student,382,33,Bridge,Architecture and Planning,Huddle,6,pt80,,
Graduate Student,448,33,Bridge,Engineering,Huddle,6,pt81,,
Graduate Student,553,33,Bridge,Engineering,Huddle,6,pt82,,
Graduate Student,563,33,Bridge,"Humanities, Arts, and Social Sciences",Huddle,6,pt83,,
Graduate Student,690,33,Bridge,Management,Group,6,pt84,,
Graduate Student,723,33,Bridge,Management,Group,6,pt85,,
Graduate Student,756,33,Bridge,Management,Group,6,pt86,,
Graduate Student,780,33,Bridge,Science,Group,6,pt87,,
Graduate Student,789,33,Bridge,Science,Solitary,6,pt88,,
Graduate Student,808,33,Bridge,Science,Solitary,6,pt89,,
Graduate Student,968,33,Core,Core,Group,6,pt90,,
Post-doc,244,33,Bridge,Engineering,Group,6,pt91,,
Research Staff,198,33,Core,Core,Group,6,pt92,,
Faculty,34,34,Core,Core,Group,6,pt93,,
Graduate Student,343,34,Bridge,Architecture and Planning,Group,6,pt94,,
Graduate Student,411,34,Bridge,Architecture and Planning,Solitary,6,pt95,,
Graduate Student,413,34,Bridge,Architecture and Planning,Solitary,6,pt96,,
Graduate Student,447,34,Bridge,Engineering,Solitary,6,pt97,,
Graduate Student,489,34,Bridge,Engineering,Huddle,6,pt98,,
Graduate Student,512,34,Bridge,Engineering,Huddle,6,pt99,,
Graduate Student,564,34,Bridge,"Humanities, Arts, and Social Sciences",Huddle,6,pt100,,
Graduate Student,707,34,Bridge,Management,Huddle,6,pt101,,
Graduate Student,752,34,Bridge,Management,Solitary,6,pt102,,
Graduate Student,872,34,Bridge,Science,Solitary,6,pt103,,
Graduate Student,905,34,Core,Core,Solitary,6,pt104,,
Graduate Student,959,34,Core,Core,Solitary,6,pt105,,
Graduate Student,985,34,Core,Core,Huddle,6,pt106,,
Post-doc,304,34,Bridge,Science,Huddle,6,pt107,,
Research Staff,117,34,Bridge,"Humanities, Arts, and Social Sciences",Huddle,6,pt108,,
Research Staff,126,34,Bridge,"Humanities, Arts, and Social Sciences",Huddle,6,pt109,,
Research Staff,140,34,Bridge,Management,Huddle,6,pt110,,
Graduate Student,348,35,Bridge,Architecture and Planning,Huddle,6,pt111,,
Graduate Student,355,35,Bridge,Architecture and Planning,Huddle,6,pt112,,
Graduate Student,401,35,Bridge,Architecture and Planning,Group,6,pt113,,
Graduate Student,406,35,Bridge,Architecture and Planning,Group,6,pt114,,
Graduate Student,501,35,Bridge,Engineering,Group,6,pt115,,
Graduate Student,509,35,Bridge,Engineering,Group,6,pt116,,
Graduate Student,581,35,Bridge,"Humanities, Arts, and Social Sciences",Solitary,6,pt117,,
Graduate Student,791,35,Bridge,Science,Solitary,6,pt118,,
Graduate Student,830,35,Bridge,Science,Group,6,pt119,,
Graduate Student,875,35,Bridge,Science,Group,6,pt120,,
Graduate Student,954,35,Core,Core,Group,6,pt121,,
Graduate Student,960,35,Core,Core,Group,6,pt122,,
Graduate Student,995,35,Core,Core,Group,6,pt123,,
Research Staff,77,35,Bridge,Architecture and Planning,Solitary,6,pt124,,
Research Staff,146,35,Bridge,Management,Solitary,6,pt125,,
Graduate Student,414,36,Bridge,Architecture and Planning,Group,7,pt1,,
Graduate Student,463,36,Bridge,Engineering,Group,7,pt2,,
Graduate Student,493,36,Bridge,Engineering,Group,7,pt3,,
Graduate Student,591,36,Bridge,"Humanities, Arts, and Social Sciences",Group,7,pt4,,
Graduate Student,700,36,Bridge,Management,Group,7,pt5,,
Graduate Student,833,36,Bridge,Science,Group,7,pt6,,
Graduate Student,885,36,Bridge,Science,Group,7,pt7,,
Graduate Student,891,36,Core,Core,Group,7,pt8,,
Post-doc,205,36,Bridge,Architecture and Planning,Group,7,pt9,,
Post-doc,232,36,Bridge,Engineering,Group,7,pt10,,
Post-doc,285,36,Bridge,Management,Group,7,pt11,,
Post-doc,322,36,Core,Core,Group,7,pt12,,
Faculty,37,37,Bridge,Architecture and Planning,Solitary,7,pt13,,
Graduate Student,405,37,Bridge,Architecture and Planning,Solitary,7,pt14,,
Graduate Student,490,37,Bridge,Engineering,Huddle,7,pt15,,
Graduate Student,515,37,Bridge,Engineering,Huddle,7,pt16,,
Graduate Student,566,37,Bridge,"Humanities, Arts, and Social Sciences",Huddle,7,pt17,,
Graduate Student,627,37,Bridge,"Humanities, Arts, and Social Sciences",Huddle,7,pt18,,
Graduate Student,802,37,Bridge,Science,Solitary,7,pt19,,
Graduate Student,814,37,Bridge,Science,Solitary,7,pt20,,
Graduate Student,919,37,Core,Core,Solitary,7,pt21,,
Post-doc,241,37,Bridge,Engineering,Solitary,7,pt22,,
Post-doc,286,37,Bridge,Management,Huddle,7,pt23,,
Post-doc,319,37,Core,Core,Huddle,7,pt24,,
Research Staff,92,37,Bridge,Engineering,Huddle,7,pt25,,
Research Staff,127,37,Bridge,"Humanities, Arts, and Social Sciences",Huddle,7,pt26,,
Faculty,38,38,Bridge,Architecture and Planning,Huddle,7,pt27,,
Graduate Student,404,38,Bridge,Architecture and Planning,Huddle,7,pt28,,
Graduate Student,457,38,Bridge,Engineering,Huddle,7,pt29,,
Graduate Student,480,38,Bridge,Engineering,Group,7,pt30,,
Graduate Student,506,38,Bridge,Engineering,Group,7,pt31,,
Graduate Student,577,38,Bridge,"Humanities, Arts, and Social Sciences",Group,7,pt32,,
Graduate Student,663,38,Bridge,"Humanities, Arts, and Social Sciences",Group,7,pt33,,
Graduate Student,720,38,Bridge,Management,Solitary,7,pt34,,
Graduate Student,813,38,Bridge,Science,Solitary,7,pt35,,
Post-doc,259,38,Bridge,"Humanities, Arts, and Social Sciences",Group,7,pt36,,
Research Staff,98,38,Bridge,Engineering,Group,7,pt37,,
Research Staff,108,38,Bridge,Engineering,Group,7,pt38,,
Research Staff,124,38,Bridge,"Humanities, Arts, and Social Sciences",Group,7,pt39,,
Research Staff,182,38,Bridge,Science,Group,7,pt40,,
Faculty,39,39,Bridge,Architecture and Planning,Solitary,7,pt41,,
Graduate Student,337,39,Bridge,Architecture and Planning,Solitary,7,pt42,,
Graduate Student,338,39,Bridge,Architecture and Planning,Solitary,7,pt43,,
Graduate Student,363,39,Bridge,Architecture and Planning,Huddle,7,pt44,,
Graduate Student,466,39,Bridge,Engineering,Huddle,7,pt45,,
Graduate Student,469,39,Bridge,Engineering,Huddle,7,pt46,,
Graduate Student,672,39,Bridge,Management,Huddle,7,pt47,,
Graduate Student,851,39,Bridge,Science,Solitary,7,pt48,,
Graduate Student,852,39,Bridge,Science,Solitary,7,pt49,,
Post-doc,230,39,Bridge,Engineering,Solitary,7,pt50,,
Post-doc,255,39,Bridge,"Humanities, Arts, and Social Sciences",Solitary,7,pt51,,
Post-doc,280,39,Bridge,Management,Huddle,7,pt52,,
Research Staff,121,39,Bridge,"Humanities, Arts, and Social Sciences",Huddle,7,pt53,,
Research Staff,157,39,Bridge,Management,Huddle,7,pt54,,
Research Staff,169,39,Bridge,Science,Huddle,7,pt55,,
Faculty,40,40,Bridge,Architecture and Planning,Huddle,7,pt56,,
Graduate Student,442,40,Bridge,Architecture and Planning,Huddle,7,pt57,,
Graduate Student,575,40,Bridge,"Humanities, Arts, and Social Sciences",Huddle,7,pt58,,
Graduate Student,582,40,Bridge,"Humanities, Arts, and Social Sciences",Solitary,7,pt59,,
Graduate Student,662,40,Bridge,"Humanities, Arts, and Social Sciences",Solitary,7,pt60,,
Graduate Student,726,40,Bridge,Management,Huddle,7,pt61,,
Graduate Student,817,40,Bridge,Science,Huddle,7,pt62,,
Graduate Student,962,40,Core,Core,Huddle,7,pt63,,
Post-doc,305,40,Bridge,Science,Huddle,7,pt64,,
Graduate Student,346,41,Bridge,Architecture and Planning,Solitary,7,pt65,,
Graduate Student,353,41,Bridge,Architecture and Planning,Solitary,7,pt66,,
Graduate Student,378,41,Bridge,Architecture and Planning,Solitary,7,pt67,,
Graduate Student,400,41,Bridge,Architecture and Planning,Solitary,7,pt68,,
Graduate Student,412,41,Bridge,Architecture and Planning,Huddle,7,pt69,,
Graduate Student,428,41,Bridge,Architecture and Planning,Huddle,7,pt70,,
Graduate Student,478,41,Bridge,Engineering,Huddle,7,pt71,,
Graduate Student,511,41,Bridge,Engineering,Huddle,7,pt72,,
Graduate Student,636,41,Bridge,"Humanities, Arts, and Social Sciences",Huddle,7,pt73,,
Graduate Student,709,41,Bridge,Management,Huddle,7,pt74,,
Graduate Student,737,41,Bridge,Management,Huddle,7,pt75,,
Graduate Student,772,41,Bridge,Management,Group,7,pt76,,
Graduate Student,783,41,Bridge,Science,Group,7,pt77,,
Graduate Student,837,41,Bridge,Science,Group,7,pt78,,
Graduate Student,838,41,Bridge,Science,Group,7,pt79,,
Graduate Student,847,41,Bridge,Science,Solitary,7,pt80,,
Graduate Student,902,41,Core,Core,Solitary,7,pt81,,
Graduate Student,998,41,Core,Core,Group,7,pt82,,
Post-doc,284,41,Bridge,Management,Group,7,pt83,,
Research Staff,141,41,Bridge,Management,Group,7,pt84,,
Research Staff,158,41,Bridge,Management,Group,7,pt85,,
Graduate Student,421,42,Bridge,Architecture and Planning,Group,7,pt86,,
Graduate Student,481,42,Bridge,Engineering,Solitary,7,pt87,,
Graduate Student,534,42,Bridge,Engineering,Solitary,7,pt88,,
Graduate Student,595,42,Bridge,"Humanities, Arts, and Social Sciences",Solitary,7,pt89,,
Graduate Student,633,42,Bridge,"Humanities, Arts, and Social Sciences",Huddle,7,pt90,,
Graduate Student,669,42,Bridge,Management,Huddle,7,pt91,,
Graduate Student,735,42,Bridge,Management,Huddle,7,pt92,,
Graduate Student,797,42,Bridge,Science,Huddle,7,pt93,,
Graduate Student,898,42,Core,Core,Solitary,7,pt94,,
Post-doc,326,42,Core,Core,Solitary,7,pt95,,
Research Staff,71,42,Bridge,Architecture and Planning,Solitary,7,pt96,,
Research Staff,84,42,Bridge,Architecture and Planning,Solitary,7,pt97,,
Research Staff,132,42,Bridge,"Humanities, Arts, and Social Sciences",Huddle,7,pt98,,
Research Staff,147,42,Bridge,Management,Huddle,7,pt99,,
Faculty,43,43,Bridge,Engineering,Huddle,7,pt100,,
Graduate Student,368,43,Bridge,Architecture and Planning,Huddle,7,pt101,,
Graduate Student,380,43,Bridge,Architecture and Planning,Huddle,7,pt102,,
Graduate Student,392,43,Bridge,Architecture and Planning,Huddle,7,pt103,,
Graduate Student,467,43,Bridge,Engineering,Huddle,7,pt104,,
Graduate Student,475,43,Bridge,Engineering,Solitary,7,pt105,,
Graduate Student,715,43,Bridge,Management,Solitary,7,pt106,,
Graduate Student,771,43,Bridge,Management,Solitary,7,pt107,,
Graduate Student,809,43,Bridge,Science,Huddle,7,pt108,,
Graduate Student,834,43,Bridge,Science,Huddle,7,pt109,,
Graduate Student,843,43,Bridge,Science,Huddle,7,pt110,,
Graduate Student,881,43,Bridge,Science,Huddle,7,pt111,,
Graduate Student,913,43,Core,Core,Solitary,7,pt112,,
Graduate Student,918,43,Core,Core,Solitary,7,pt113,,
Graduate Student,947,43,Core,Core,Solitary,7,pt114,,
Post-doc,299,43,Bridge,Science,Solitary,7,pt115,,
Research Staff,69,43,Bridge,Architecture and Planning,Huddle,7,pt116,,
Faculty,44,44,Bridge,Engineering,Group,8,pt1,pt114,pt227
Graduate Student,433,44,Bridge,Architecture and Planning,Group,8,pt2,pt115,pt228
Graduate Student,446,44,Bridge,Engineering,Group,8,pt3,pt116,pt229
Graduate Student,482,44,Bridge,Engineering,Group,8,pt4,pt117,pt230
Graduate Student,560,44,Bridge,"Humanities, Arts, and Social Sciences",Group,8,pt5,pt118,pt231
Graduate Student,630,44,Bridge,"Humanities, Arts, and Social Sciences",Group,8,pt6,pt119,pt232
Graduate Student,671,44,Bridge,Management,Group,8,pt7,pt120,pt233
Graduate Student,731,44,Bridge,Management,Group,8,pt8,pt121,pt234
Graduate Student,948,44,Core,Core,Group,8,pt9,pt122,pt235
Graduate Student,958,44,Core,Core,Group,8,pt10,pt123,pt236
Research Staff,81,44,Bridge,Architecture and Planning,Group,8,pt11,pt124,pt237
Research Staff,95,44,Bridge,Engineering,Group,8,pt12,pt125,pt238
Research Staff,109,44,Bridge,Engineering,Group,8,pt13,pt126,pt239
Research Staff,130,44,Bridge,"Humanities, Arts, and Social Sciences",Group,8,pt14,pt127,pt240
Research Staff,186,44,Core,Core,Group,8,pt15,pt128,pt241
Faculty,45,45,Bridge,Engineering,Solitary,8,pt16,pt129,pt242
Graduate Student,362,45,Bridge,Architecture and Planning,Solitary,8,pt17,pt130,pt243
Graduate Student,471,45,Bridge,Engineering,Group,8,pt18,pt131,pt244
Graduate Student,497,45,Bridge,Engineering,Group,8,pt19,pt132,pt245
Graduate Student,570,45,Bridge,"Humanities, Arts, and Social Sciences",Group,8,pt20,pt133,pt246
Graduate Student,659,45,Bridge,"Humanities, Arts, and Social Sciences",Group,8,pt21,pt134,pt247
Graduate Student,692,45,Bridge,Management,Group,8,pt22,pt135,pt248
Graduate Student,799,45,Bridge,Science,Solitary,8,pt23,pt136,pt249
Graduate Student,871,45,Bridge,Science,Solitary,8,pt24,pt137,pt250
Graduate Student,920,45,Core,Core,Solitary,8,pt25,pt138,pt251
Graduate Student,974,45,Core,Core,Huddle,8,pt26,pt139,pt252
Post-doc,213,45,Bridge,Architecture and Planning,Huddle,8,pt27,pt140,pt253
Post-doc,324,45,Core,Core,Huddle,8,pt28,pt141,pt254
Post-doc,329,45,Core,Core,Huddle,8,pt29,pt142,pt255
Faculty,46,46,Bridge,Engineering,Solitary,8,pt30,pt143,pt256
Graduate Student,373,46,Bridge,Architecture and Planning,Solitary,8,pt31,pt144,pt257
Graduate Student,399,46,Bridge,Architecture and Planning,Solitary,8,pt32,pt145,pt258
Graduate Student,609,46,Bridge,"Humanities, Arts, and Social Sciences",Solitary,8,pt33,pt146,pt259
Graduate Student,612,46,Bridge,"Humanities, Arts, and Social Sciences",Huddle,8,pt34,pt147,pt260
Graduate Student,696,46,Bridge,Management,Huddle,8,pt35,pt148,pt261
Graduate Student,698,46,Bridge,Management,Huddle,8,pt36,pt149,pt262
Graduate Student,763,46,Bridge,Management,Huddle,8,pt37,pt150,pt263
Graduate Student,765,46,Bridge,Management,Huddle,8,pt38,pt151,pt264
Graduate Student,793,46,Bridge,Science,Huddle,8,pt39,pt152,pt265
Graduate Student,801,46,Bridge,Science,Huddle,8,pt40,pt153,pt266
Graduate Student,810,46,Bridge,Science,Solitary,8,pt41,pt154,pt267
Graduate Student,825,46,Bridge,Science,Solitary,8,pt42,pt155,pt268
Graduate Student,855,46,Bridge,Science,Solitary,8,pt43,pt156,pt269
Graduate Student,882,46,Bridge,Science,Huddle,8,pt44,pt157,pt270
Graduate Student,997,46,Core,Core,Huddle,8,pt45,pt158,pt271
Post-doc,223,46,Bridge,Architecture and Planning,Huddle,8,pt46,pt159,pt272
Post-doc,251,46,Bridge,"Humanities, Arts, and Social Sciences",Huddle,8,pt47,pt160,pt1
Research Staff,148,46,Bridge,Management,Solitary,8,pt48,pt161,pt2
Faculty,47,47,Bridge,Engineering,Solitary,8,pt49,pt162,pt3
Graduate Student,417,47,Bridge,Architecture and Planning,Solitary,8,pt50,pt163,pt4
Graduate Student,517,47,Bridge,Engineering,Solitary,8,pt51,pt164,pt5
Graduate Student,571,47,Bridge,"Humanities, Arts, and Social Sciences",Huddle,8,pt52,pt165,pt6
Graduate Student,619,47,Bridge,"Humanities, Arts, and Social Sciences",Solitary,8,pt53,pt166,pt7
Graduate Student,741,47,Bridge,Management,Solitary,8,pt54,pt167,pt8
Graduate Student,831,47,Bridge,Science,Group,8,pt55,pt168,pt9
Graduate Student,901,47,Core,Core,Group,8,pt56,pt169,pt10
Graduate Student,925,47,Core,Core,Group,8,pt57,pt170,pt11
Post-doc,215,47,Bridge,Architecture and Planning,Group,8,pt58,pt171,pt12
Post-doc,274,47,Bridge,Management,Group,8,pt59,pt172,pt13
Post-doc,310,47,Bridge,Science,Solitary,8,pt60,pt173,pt14
Research Staff,82,47,Bridge,Architecture and Planning,Solitary,8,pt61,pt174,pt15
Research Staff,118,47,Bridge,"Humanities, Arts, and Social Sciences",Solitary,8,pt62,pt175,pt16
Faculty,48,48,Bridge,Engineering,Huddle,8,pt63,pt176,pt17
Graduate Student,459,48,Bridge,Engineering,Huddle,8,pt64,pt177,pt18
Graduate Student,526,48,Bridge,Engineering,Huddle,8,pt65,pt178,pt19
Graduate Student,578,48,Bridge,"Humanities, Arts, and Social Sciences",Huddle,8,pt66,pt179,pt20
Graduate Student,596,48,Bridge,"Humanities, Arts, and Social Sciences",Solitary,8,pt67,pt180,pt21
Graduate Student,666,48,Bridge,Management,Solitary,8,pt68,pt181,pt22
Graduate Student,702,48,Bridge,Management,Solitary,8,pt69,pt182,pt23
Graduate Student,888,48,Core,Core,Solitary,8,pt70,pt183,pt24
Graduate Student,936,48,Core,Core,Huddle,8,pt71,pt184,pt25
Graduate Student,992,48,Core,Core,Huddle,8,pt72,pt185,pt26
Graduate Student,994,48,Core,Core,Huddle,8,pt73,pt186,pt27
Post-doc,250,48,Bridge,"Humanities, Arts, and Social Sciences",Huddle,8,pt74,pt187,pt28
Post-doc,296,48,Bridge,Science,Huddle,8,pt75,pt188,pt29
Research Staff,113,48,Bridge,Engineering,Huddle,8,pt76,pt189,pt30
Research Staff,162,48,Bridge,Science,Huddle,8,pt77,pt190,pt31
Graduate Student,356,49,Bridge,Architecture and Planning,Solitary,8,pt78,pt191,pt32
Graduate Student,430,49,Bridge,Architecture and Planning,Solitary,8,pt79,pt192,pt33
Graduate Student,488,49,Bridge,Engineering,Solitary,8,pt80,pt193,pt34
Graduate Student,541,49,Bridge,Engineering,Huddle,8,pt81,pt194,pt35
Graduate Student,574,49,Bridge,"Humanities, Arts, and Social Sciences",Huddle,8,pt82,pt195,pt36
Graduate Student,629,49,Bridge,"Humanities, Arts, and Social Sciences",Huddle,8,pt83,pt196,pt37
Graduate Student,673,49,Bridge,Management,Huddle,8,pt84,pt197,pt38
Graduate Student,972,49,Core,Core,Solitary,8,pt85,pt198,pt39
Graduate Student,976,49,Core,Core,Solitary,8,pt86,pt199,pt40
Post-doc,247,49,Bridge,Engineering,Solitary,8,pt87,pt200,pt41
Post-doc,249,49,Bridge,"Humanities, Arts, and Social Sciences",Solitary,8,pt88,pt201,pt42
Post-doc,277,49,Bridge,Management,Huddle,8,pt89,pt202,pt43
Research Staff,96,49,Bridge,Engineering,Huddle,8,pt90,pt203,pt44
Graduate Student,500,50,Bridge,Engineering,Huddle,8,pt91,pt204,pt45
Graduate Student,558,50,Bridge,"Humanities, Arts, and Social Sciences",Huddle,8,pt92,pt205,pt46
Graduate Student,743,50,Bridge,Management,Huddle,8,pt93,pt206,pt47
Graduate Student,760,50,Bridge,Management,Huddle,8,pt94,pt207,pt48
Graduate Student,803,50,Bridge,Science,Huddle,8,pt95,pt208,pt49
Graduate Student,956,50,Core,Core,Solitary,8,pt96,pt209,pt50
Post-doc,248,50,Bridge,Engineering,Solitary,8,pt97,pt210,pt51
Research Staff,88,50,Bridge,Architecture and Planning,Solitary,8,pt98,pt211,pt52
Research Staff,161,50,Bridge,Science,Solitary,8,pt99,pt212,pt53
Research Staff,181,50,Bridge,Science,Solitary,8,pt100,pt213,pt54
Faculty,51,51,Bridge,"Humanities, Arts, and Social Sciences",Solitary,8,pt101,pt214,pt55
Graduate Student,359,51,Bridge,Architecture and Planning,Solitary,8,pt102,pt215,pt56
Graduate Student,389,51,Bridge,Architecture and Planning,Solitary,8,pt103,pt216,pt57
Graduate Student,546,51,Bridge,Engineering,Solitary,8,pt104,pt217,pt58
Graduate Student,547,51,Bridge,Engineering,Solitary,8,pt105,pt218,pt59
Graduate Student,617,51,Bridge,"Humanities, Arts, and Social Sciences",Solitary,8,pt106,pt219,pt60
Graduate Student,767,51,Bridge,Management,Solitary,8,pt107,pt220,pt61
Graduate Student,795,51,Bridge,Science,Solitary,8,pt108,pt221,pt62
Graduate Student,856,51,Bridge,Science,Solitary,8,pt109,pt222,pt63
Graduate Student,915,51,Core,Core,Solitary,8,pt110,pt223,pt64
Graduate Student,979,51,Core,Core,Solitary,8,pt111,pt224,pt65
Post-doc,224,51,Bridge,Architecture and Planning,Solitary,8,pt112,pt225,pt66
Post-doc,331,51,Core,Core,Solitary,8,pt113,pt226,pt67
Research Staff,173,51,Bridge,Science,Solitary,8,pt114,pt227,pt68
Faculty,52,52,Bridge,"Humanities, Arts, and Social Sciences",Group,9,pt1,,
Graduate Student,402,52,Bridge,Architecture and Planning,Group,9,pt2,,
Graduate Student,450,52,Bridge,Engineering,Group,9,pt3,,
Graduate Student,530,52,Bridge,Engineering,Group,9,pt4,,
Graduate Student,583,52,Bridge,"Humanities, Arts, and Social Sciences",Group,9,pt5,,
Graduate Student,590,52,Bridge,"Humanities, Arts, and Social Sciences",Group,9,pt6,,
Graduate Student,628,52,Bridge,"Humanities, Arts, and Social Sciences",Group,9,pt7,,
Graduate Student,661,52,Bridge,"Humanities, Arts, and Social Sciences",Group,9,pt8,,
Graduate Student,665,52,Bridge,"Humanities, Arts, and Social Sciences",Group,9,pt9,,
Graduate Student,695,52,Bridge,Management,Group,9,pt10,,
Graduate Student,704,52,Bridge,Management,Group,9,pt11,,
Graduate Student,722,52,Bridge,Management,Group,9,pt12,,
Graduate Student,729,52,Bridge,Management,Group,9,pt13,,
Graduate Student,788,52,Bridge,Science,Group,9,pt14,,
Graduate Student,821,52,Bridge,Science,Group,9,pt15,,
Graduate Student,878,52,Bridge,Science,Group,9,pt16,,
Graduate Student,922,52,Core,Core,Group,9,pt17,,
Graduate Student,930,52,Core,Core,Group,9,pt18,,
Graduate Student,955,52,Core,Core,Group,9,pt19,,
Post-doc,202,52,Bridge,Architecture and Planning,Group,9,pt20,,
Post-doc,262,52,Bridge,"Humanities, Arts, and Social Sciences",Group,9,pt21,,
Research Staff,188,52,Core,Core,Group,9,pt22,,
Faculty,53,53,Bridge,"Humanities, Arts, and Social Sciences",Huddle,9,pt23,,
Graduate Student,439,53,Bridge,Architecture and Planning,Huddle,9,pt24,,
Graduate Student,487,53,Bridge,Engineering,Huddle,9,pt25,,
Graduate Student,502,53,Bridge,Engineering,Huddle,9,pt26,,
Graduate Student,603,53,Bridge,"Humanities, Arts, and Social Sciences",Solitary,9,pt27,,
Graduate Student,674,53,Bridge,Management,Solitary,9,pt28,,
Graduate Student,785,53,Bridge,Science,Solitary,9,pt29,,
Graduate Student,827,53,Bridge,Science,Solitary,9,pt30,,
Graduate Student,889,53,Core,Core,Huddle,9,pt31,,
Post-doc,238,53,Bridge,Engineering,Huddle,9,pt32,,
Research Staff,70,53,Bridge,Architecture and Planning,Huddle,9,pt33,,
Research Staff,149,53,Bridge,Management,Huddle,9,pt34,,
Faculty,54,54,Bridge,"Humanities, Arts, and Social Sciences",Huddle,9,pt35,,
Graduate Student,345,54,Bridge,Architecture and Planning,Huddle,9,pt36,,
Graduate Student,371,54,Bridge,Architecture and Planning,Huddle,9,pt37,,
Graduate Student,372,54,Bridge,Architecture and Planning,Solitary,9,pt38,,
Graduate Student,434,54,Bridge,Architecture and Planning,Solitary,9,pt39,,
Graduate Student,438,54,Bridge,Architecture and Planning,Solitary,9,pt40,,
Graduate Student,440,54,Bridge,Architecture and Planning,Huddle,9,pt41,,
Graduate Student,456,54,Bridge,Engineering,Huddle,9,pt42,,
Graduate Student,529,54,Bridge,Engineering,Huddle,9,pt43,,
Graduate Student,573,54,Bridge,"Humanities, Arts, and Social Sciences",Huddle,9,pt44,,
Graduate Student,579,54,Bridge,"Humanities, Arts, and Social Sciences",Solitary,9,pt45,,
Graduate Student,668,54,Bridge,Management,Solitary,9,pt46,,
Graduate Student,739,54,Bridge,Management,Solitary,9,pt47,,
Graduate Student,899,54,Core,Core,Solitary,9,pt48,,
Graduate Student,986,54,Core,Core,Huddle,9,pt49,,
Post-doc,283,54,Bridge,Management,Huddle,9,pt50,,
Post-doc,297,54,Bridge,Science,Huddle,9,pt51,,
Research Staff,72,54,Bridge,Architecture and Planning,Huddle,9,pt52,,
Research Staff,105,54,Bridge,Engineering,Huddle,9,pt53,,
Research Staff,156,54,Bridge,Management,Huddle,9,pt54,,
Research Staff,172,54,Bridge,Science,Huddle,9,pt55,,
Graduate Student,376,55,Bridge,Architecture and Planning,Solitary,9,pt56,,
Graduate Student,664,55,Bridge,"Humanities, Arts, and Social Sciences",Solitary,9,pt57,,
Graduate Student,710,55,Bridge,Management,Solitary,9,pt58,,
Graduate Student,736,55,Bridge,Management,Solitary,9,pt59,,
Graduate Student,806,55,Bridge,Science,Huddle,9,pt60,,
Graduate Student,916,55,Core,Core,Huddle,9,pt61,,
Graduate Student,933,55,Core,Core,Huddle,9,pt62,,
Post-doc,271,55,Bridge,"Humanities, Arts, and Social Sciences",Huddle,9,pt63,,
Post-doc,321,55,Core,Core,Solitary,9,pt64,,
Research Staff,142,55,Bridge,Management,Solitary,9,pt65,,
Research Staff,171,55,Bridge,Science,Solitary,9,pt66,,
Graduate Student,351,56,Bridge,Architecture and Planning,Solitary,9,pt67,,
Graduate Student,361,56,Bridge,Architecture and Planning,Huddle,9,pt68,,
Graduate Student,379,56,Bridge,Architecture and Planning,Huddle,9,pt69,,
Graduate Student,383,56,Bridge,Architecture and Planning,Huddle,9,pt70,,
Graduate Student,396,56,Bridge,Architecture and Planning,Huddle,9,pt71,,
Graduate Student,476,56,Bridge,Engineering,Huddle,9,pt72,,
Graduate Student,510,56,Bridge,Engineering,Huddle,9,pt73,,
Graduate Student,527,56,Bridge,Engineering,Huddle,9,pt74,,
Graduate Student,535,56,Bridge,Engineering,Solitary,9,pt75,,
Graduate Student,559,56,Bridge,"Humanities, Arts, and Social Sciences",Solitary,9,pt76,,
Graduate Student,694,56,Bridge,Management,Solitary,9,pt77,,
Graduate Student,753,56,Bridge,Management,Huddle,9,pt78,,
Graduate Student,822,56,Bridge,Science,Huddle,9,pt79,,
Graduate Student,870,56,Bridge,Science,Huddle,9,pt80,,
Graduate Student,892,56,Core,Core,Huddle,9,pt81,,
Post-doc,278,56,Bridge,Management,Solitary,9,pt82,,
Post-doc,315,56,Bridge,Science,Solitary,9,pt83,,
Research Staff,187,56,Core,Core,Solitary,9,pt84,,
Faculty,57,57,Bridge,Management,Solitary,9,pt85,,
Graduate Student,426,57,Bridge,Architecture and Planning,Huddle,9,pt86,,
Graduate Student,431,57,Bridge,Architecture and Planning,Huddle,9,pt87,,
Graduate Student,556,57,Bridge,"Humanities, Arts, and Social Sciences",Huddle,9,pt88,,
Graduate Student,645,57,Bridge,"Humanities, Arts, and Social Sciences",Huddle,9,pt89,,
Graduate Student,717,57,Bridge,Management,Huddle,9,pt90,,
Graduate Student,732,57,Bridge,Management,Huddle,9,pt91,,
Graduate Student,738,57,Bridge,Management,Huddle,9,pt92,,
Graduate Student,768,57,Bridge,Management,Solitary,9,pt93,,
Graduate Student,893,57,Core,Core,Solitary,9,pt94,,
Post-doc,206,57,Bridge,Architecture and Planning,Solitary,9,pt95,,
Research Staff,83,57,Bridge,Architecture and Planning,Solitary,9,pt96,,
Research Staff,131,57,Bridge,"Humanities, Arts, and Social Sciences",Huddle,9,pt97,,
Research Staff,152,57,Bridge,Management,Huddle,9,pt98,,
Research Staff,160,57,Bridge,Management,Huddle,9,pt99,,
Research Staff,178,57,Bridge,Science,Huddle,9,pt100,,
Faculty,58,58,Bridge,Management,Solitary,9,pt101,,
Graduate Student,436,58,Bridge,Architecture and Planning,Solitary,9,pt102,,
Graduate Student,508,58,Bridge,Engineering,Solitary,9,pt103,,
Graduate Student,522,58,Bridge,Engineering,Solitary,9,pt104,,
Graduate Student,531,58,Bridge,Engineering,Huddle,9,pt105,,
Graduate Student,561,58,Bridge,"Humanities, Arts, and Social Sciences",Huddle,9,pt106,,
Graduate Student,589,58,Bridge,"Humanities, Arts, and Social Sciences",Huddle,9,pt107,,
Graduate Student,615,58,Bridge,"Humanities, Arts, and Social Sciences",Huddle,9,pt108,,
Graduate Student,904,58,Core,Core,Huddle,9,pt109,,
Graduate Student,980,58,Core,Core,Huddle,9,pt110,,
Graduate Student,981,58,Core,Core,Huddle,9,pt111,,
Post-doc,239,58,Bridge,Engineering,Solitary,9,pt112,,
Research Staff,75,58,Bridge,Architecture and Planning,Solitary,9,pt113,,
Research Staff,134,58,Bridge,"Humanities, Arts, and Social Sciences",Solitary,9,pt114,,
Research Staff,167,58,Bridge,Science,Huddle,9,pt115,,
Faculty,59,59,Bridge,Management,Huddle,9,pt116,,
Graduate Student,491,59,Bridge,Engineering,Huddle,9,pt117,,
Graduate Student,492,59,Bridge,Engineering,Huddle,9,pt118,,
Graduate Student,495,59,Bridge,Engineering,Solitary,9,pt119,,
Graduate Student,601,59,Bridge,"Humanities, Arts, and Social Sciences",Solitary,9,pt120,,
Graduate Student,751,59,Bridge,Management,Solitary,9,pt121,,
Graduate Student,940,59,Core,Core,Solitary,9,pt122,,
Graduate Student,953,59,Core,Core,Huddle,9,pt123,,
Graduate Student,964,59,Core,Core,Huddle,9,pt124,,
Post-doc,222,59,Bridge,Architecture and Planning,Huddle,9,pt125,,
Post-doc,240,59,Bridge,Engineering,Huddle,9,pt126,,
Post-doc,276,59,Bridge,Management,Huddle,9,pt127,,
Post-doc,287,59,Bridge,Management,Huddle,9,pt128,,
Faculty,60,60,Bridge,Management,Group,10,pt1,,
Graduate Student,424,60,Bridge,Architecture and Planning,Group,10,pt2,,
Graduate Student,462,60,Bridge,Engineering,Group,10,pt3,,
Graduate Student,499,60,Bridge,Engineering,Group,10,pt4,,
Graduate Student,586,60,Bridge,"Humanities, Arts, and Social Sciences",Group,10,pt5,,
Graduate Student,713,60,Bridge,Management,Group,10,pt6,,
Graduate Student,819,60,Bridge,Science,Group,10,pt7,,
Graduate Student,820,60,Bridge,Science,Group,10,pt8,,
Graduate Student,910,60,Core,Core,Group,10,pt9,,
Graduate Student,943,60,Core,Core,Group,10,pt10,,
Graduate Student,993,60,Core,Core,Group,10,pt11,,
Post-doc,228,60,Bridge,Engineering,Group,10,pt12,,
Post-doc,229,60,Bridge,Engineering,Group,10,pt13,,
Post-doc,263,60,Bridge,"Humanities, Arts, and Social Sciences",Group,10,pt14,,
Post-doc,282,60,Bridge,Management,Group,10,pt15,,
Post-doc,311,60,Bridge,Science,Group,10,pt16,,
Research Staff,111,60,Bridge,Engineering,Group,10,pt17,,
Graduate Student,349,61,Bridge,Architecture and Planning,Huddle,10,pt18,,
Graduate Student,565,61,Bridge,"Humanities, Arts, and Social Sciences",Huddle,10,pt19,,
Graduate Student,638,61,Bridge,"Humanities, Arts, and Social Sciences",Huddle,10,pt20,,
Graduate Student,716,61,Bridge,Management,Solitary,10,pt21,,
Graduate Student,719,61,Bridge,Management,Solitary,10,pt22,,
Graduate Student,829,61,Bridge,Science,Solitary,10,pt23,,
Graduate Student,845,61,Bridge,Science,Solitary,10,pt24,,
Graduate Student,911,61,Core,Core,Solitary,10,pt25,,
Graduate Student,934,61,Core,Core,Solitary,10,pt26,,
Graduate Student,939,61,Core,Core,Solitary,10,pt27,,
Graduate Student,990,61,Core,Core,Solitary,10,pt28,,
Post-doc,317,61,Bridge,Science,Solitary,10,pt29,,
Research Staff,194,61,Core,Core,Solitary,10,pt30,,
Graduate Student,367,62,Bridge,Architecture and Planning,Solitary,10,pt31,,
Graduate Student,375,62,Bridge,Architecture and Planning,Solitary,10,pt32,,
Graduate Student,429,62,Bridge,Architecture and Planning,Solitary,10,pt33,,
Graduate Student,455,62,Bridge,Engineering,Solitary,10,pt34,,
Graduate Student,514,62,Bridge,Engineering,Solitary,10,pt35,,
Graduate Student,787,62,Bridge,Science,Solitary,10,pt36,,
Graduate Student,842,62,Bridge,Science,Solitary,10,pt37,,
Graduate Student,966,62,Core,Core,Solitary,10,pt38,,
Post-doc,243,62,Bridge,Engineering,Solitary,10,pt39,,
Research Staff,89,62,Bridge,Architecture and Planning,Solitary,10,pt40,,
Graduate Student,449,63,Bridge,Engineering,Solitary,10,pt41,,
Graduate Student,548,63,Bridge,Engineering,Solitary,10,pt42,,
Graduate Student,594,63,Bridge,"Humanities, Arts, and Social Sciences",Solitary,10,pt43,,
Graduate Student,649,63,Bridge,"Humanities, Arts, and Social Sciences",Solitary,10,pt44,,
Graduate Student,654,63,Bridge,"Humanities, Arts, and Social Sciences",Solitary,10,pt45,,
Graduate Student,655,63,Bridge,"Humanities, Arts, and Social Sciences",Solitary,10,pt46,,
Graduate Student,676,63,Bridge,Management,Solitary,10,pt47,,
Graduate Student,733,63,Bridge,Management,Solitary,10,pt48,,
Graduate Student,779,63,Bridge,Science,Solitary,10,pt49,,
Graduate Student,782,63,Bridge,Science,Solitary,10,pt50,,
Post-doc,211,63,Bridge,Architecture and Planning,Solitary,10,pt51,,
Post-doc,214,63,Bridge,Architecture and Planning,Solitary,10,pt52,,
Post-doc,330,63,Core,Core,Solitary,10,pt53,,
Research Staff,79,63,Bridge,Architecture and Planning,Huddle,10,pt54,,
Research Staff,90,63,Bridge,Architecture and Planning,Huddle,10,pt55,,
Research Staff,133,63,Bridge,"Humanities, Arts, and Social Sciences",Huddle,10,pt56,,
Research Staff,195,63,Core,Core,Huddle,10,pt57,,
Research Staff,197,63,Core,Core,Huddle,10,pt58,,
Faculty,64,64,Bridge,Science,Huddle,10,pt59,,
Graduate Student,347,64,Bridge,Architecture and Planning,Huddle,10,pt60,,
Graduate Student,381,64,Bridge,Architecture and Planning,Huddle,10,pt61,,
Graduate Student,451,64,Bridge,Engineering,Huddle,10,pt62,,
Graduate Student,543,64,Bridge,Engineering,Huddle,10,pt63,,
Graduate Student,544,64,Bridge,Engineering,Huddle,10,pt64,,
Graduate Student,626,64,Bridge,"Humanities, Arts, and Social Sciences",Solitary,10,pt65,,
Graduate Student,682,64,Bridge,Management,Solitary,10,pt66,,
Graduate Student,786,64,Bridge,Science,Solitary,10,pt67,,
Graduate Student,815,64,Bridge,Science,Solitary,10,pt68,,
Post-doc,204,64,Bridge,Architecture and Planning,Solitary,10,pt69,,
Post-doc,233,64,Bridge,Engineering,Solitary,10,pt70,,
Post-doc,323,64,Core,Core,Solitary,10,pt71,,
Research Staff,107,64,Bridge,Engineering,Solitary,10,pt72,,
Research Staff,136,64,Bridge,"Humanities, Arts, and Social Sciences",Solitary,10,pt73,,
Research Staff,144,64,Bridge,Management,Solitary,10,pt74,,
Research Staff,201,64,Core,Core,Solitary,10,pt75,,
Faculty,65,65,Bridge,Science,Solitary,10,pt76,,
Graduate Student,453,65,Bridge,Engineering,Solitary,10,pt77,,
Graduate Student,557,65,Bridge,"Humanities, Arts, and Social Sciences",Huddle,10,pt78,,
Graduate Student,621,65,Bridge,"Humanities, Arts, and Social Sciences",Huddle,10,pt79,,
Graduate Student,648,65,Bridge,"Humanities, Arts, and Social Sciences",Huddle,10,pt80,,
Graduate Student,863,65,Bridge,Science,Huddle,10,pt81,,
Graduate Student,869,65,Bridge,Science,Huddle,10,pt82,,
Post-doc,261,65,Bridge,"Humanities, Arts, and Social Sciences",Huddle,10,pt83,,
Post-doc,308,65,Bridge,Science,Huddle,10,pt84,,
Post-doc,325,65,Core,Core,Group,10,pt85,,
Research Staff,85,65,Bridge,Architecture and Planning,Group,10,pt86,,
Faculty,66,66,Bridge,Science,Group,10,pt87,,
Graduate Student,336,66,Bridge,Architecture and Planning,Group,10,pt88,,
Graduate Student,360,66,Bridge,Architecture and Planning,Huddle,10,pt89,,
Graduate Student,452,66,Bridge,Engineering,Huddle,10,pt90,,
Graduate Student,460,66,Bridge,Engineering,Huddle,10,pt91,,
Graduate Student,464,66,Bridge,Engineering,Solitary,10,pt92,,
Graduate Student,516,66,Bridge,Engineering,Solitary,10,pt93,,
Graduate Student,597,66,Bridge,"Humanities, Arts, and Social Sciences",Solitary,10,pt94,,
Graduate Student,681,66,Bridge,Management,Solitary,10,pt95,,
Graduate Student,706,66,Bridge,Management,Solitary,10,pt96,,
Graduate Student,727,66,Bridge,Management,Solitary,10,pt97,,
Graduate Student,750,66,Bridge,Management,Solitary,10,pt98,,
Graduate Student,941,66,Core,Core,Solitary,10,pt99,,
Research Staff,78,66,Bridge,Architecture and Planning,Solitary,10,pt100,,
Research Staff,93,66,Bridge,Engineering,Solitary,10,pt101,,
Research Staff,104,66,Bridge,Engineering,Solitary,10,pt102,,
Research Staff,159,66,Bridge,Management,Solitary,10,pt103,,
Research Staff,192,66,Core,Core,Solitary,10,pt104,,
Faculty,67,67,Bridge,Science,Solitary,10,pt105,,
Graduate Student,339,67,Bridge,Architecture and Planning,Huddle,10,pt106,,
Graduate Student,365,67,Bridge,Architecture and Planning,Huddle,10,pt107,,
Graduate Student,410,67,Bridge,Architecture and Planning,Huddle,10,pt108,,
Graduate Student,465,67,Bridge,Engineering,Huddle,10,pt109,,
Graduate Student,486,67,Bridge,Engineering,Huddle,10,pt110,,
Graduate Student,650,67,Bridge,"Humanities, Arts, and Social Sciences",Huddle,10,pt111,,
Graduate Student,714,67,Bridge,Management,Huddle,10,pt112,,
Graduate Student,746,67,Bridge,Management,Group,10,pt113,,
Graduate Student,841,67,Bridge,Science,Group,10,pt114,,
Graduate Student,927,67,Core,Core,Group,10,pt115,,
Post-doc,212,67,Bridge,Architecture and Planning,Group,10,pt116,,
Post-doc,237,67,Bridge,Engineering,Huddle,10,pt117,,
Post-doc,242,67,Bridge,Engineering,Huddle,10,pt118,,
Post-doc,245,67,Bridge,Engineering,Huddle,10,pt119,,
Post-doc,275,67,Bridge,Management,Solitary,10,pt120,,
